,Name,Location,Brands
0,10 CORSO COMO,"Milan, Italy","Acne Studio, Alaia, Balenciaga, Cecilie Bahansen, Comme des Garcons, Junya Watanabe, Loewe, Maison Margiela, Manolo Blahnik, Molly Goddard, Paul Smith, Raf Simons, Sacai, Simone Rocha, Stella McCartney., Stone Island"
1,13METRIQUADRI,"Bellaria, Italy","Ami, Each x Other, Golden Goose Deluxe Brand, Iro, Junya Watanabe, MM6 Maison Margiela, Palm Angels"
2,4,"Shuwaikh, Kuwait","Ann Demeulemeester, Gareth Pugh, Haider Ackermann, Mugler, Rick Owens, Yohji Yamamoto"
3,400M2,"Marseille, France","32 Paradis, Alexander McQueen, Alexandre Vauthier, Assouline, Burberry, Courreges, Fendi, Givenchy, Rick Owens, Sergio Rossi, Stella McCartney"
4,58M,"Paris, France","Anya Hindmarch, Chie Mihara, Church's, Comme des Garçons, K Jacques, Kenzo, Laurence Dacade, Maison Margiela, Marc by Marc Jacobs, Michel Vivien, Repetto, Terry de Haviland, Véronique Branquinho"
5,A.M.R.,"Chiavari, Italy","Burberry, Chloé, Current Elliott, Dolce & Gabbana, Dsquared2, Jil Sander, Moncler, Paul Smith, Saint Laurent, Stella McCartney, Valentino"
6,A.N.G.E.L.O VINTAGE,"Lugo di Ravenna, Italy","Chanel Vintage, Emilio Pucci Vintage, Givenchy Vintage, Gucci Vintage, Hermès Vintage, Missoni Vintage, Yohji Yamamoto Vintage"
7,A.PLUS STORE,"Hamburg, Germany","AFFXWRKS, Acronym, Aries, Cav Empt, Comme des Garçons Shirt, Henrik Vibskov, Magic Stick, Nanamica, Porter by Yoshida, Salomon, Suicoke, Wacko Maria"
8,ABSEITS,"Stuttgart, Germany","Balmain, Dsquared2, MSGM, Marc Jacobs, N°21, Off-White, Rick Owens, Valentino"
9,ACCENT,"Leeds, United Kingdom","Agolde, Belstaff, Billionaire Boys Club, Emporio Armani, Free People, Juicy Couture, Mallet, Oliver Sweeney, Olivia Ruben, Paige, Replay, Represent"
10,ACTUEL B,"Avignon, France","Alexander Wang, Carven, Church’s, Comme des Garçons, Givenchy, Haider Ackermann, Joseph, Junya Watanabe, Kitsuné, Lanvin, Maison Margiela, Marc Jacobs, Moncler, Rick Owens, Rochas, Saint Laurent, Tod’s, Valentino"
11,ADEKUVER,"Seoul, Korea, Republic of","Aganovich, Akira Naka, Ben Taverniti Unravel, Boyarovskaya, Hyke, Lena Lumelsky, Maison Margiela MM6, Mame Kugorouchi, Marta Jakubowski, Shan Shan Ruan, Yang Li, suzusan"
12,ADELAIDE JP,"Tokyo, Japan","Balenciaga, Dries Van Noten, Jacquemus, Jil Sander, Loewe, Maison Margiela, Marine Serre, Peter Do, The Row, Vetements, Y/Project"
13,AETOS SRL,"Arona, Italy","Charlotte Simone, Chiara Ferragni, DKNY, Faith Connexion, Jil Sander, MSGM, Moncler, Moschino, P.A.R.O.S.H, Rick Owens, Sacai, Stella McCartney, Versus, Vivetta"
14,AFURA,"Amsterdam, Netherlands","Ally Capellino, Côte & Ciel, Grenson, Vans"
15,AIMEE,"Madrid, Spain","Alberto Fasciani, Barbara Bologna, Cecchi de Rossi, Fiorentine + Baker, Guidi, INK, Marsell, NDC by Hand Made, Pantanetti, Roberto del Carlo, Sartori Gold, The Last Conspiracy"
16,AL DUCA D'AOSTA,"Mestre, Italy","Alexander McQueen, Chloé, Dolce & Gabbana, Ermenegildo Zegna, Givenchy, Moncler, Saint Laurent, Salvatore Ferragamo, Valentino"
17,AL GIROTONDO,"Venezia, Italy","Cloè, D&G., Desquared, Gcds, Herno, Hogan, Moncler, Moschino, Mou, Polo RL, Richmond, Stone Island; Il Gufo"
18,ALSATEX GROUP,"Monaco, Monaco","3x1, Cacharel, DVF, Erdem, Ermanno di Ermanno Scervino, Joseph, Malo, Mimi Liberté, Moschino, No.21, Paige, Philosophy, Redemption"
19,AMAPÔ BR,"São Paulo, Brazil",Amapô
20,AMERICAN RAG,"Los Angeles, United States","BLK DNM, Canada Goose, Chapter, Comme des Garçons Play, Fiorentini + Baker, John Elliott + Co, LD Tuttle, Levi's Vintage, NSF, Obey, PRPS, Publish, Senso, Stampd, Swedish Hasbeens, Unif, Vivienne Westwood, Wildfox."
21,AMICCI,"Nicosia, Cyprus","Amina Muaddi, Bottega Veneta, Chloé, Ermenegildo Zegna, Isabel Marant, Khaite, Saint Laurent, Stella McCartney, The Attico"
22,ANDRÉ OPTICAS,"Lisbon, Portugal","Alexander Mcqueen, Chloé, Cutler & Gross, Dolce & Gabbana, Fendi, Gold and Wood, Illesteva, Jacques Marie Mage, LAEyeworks, Lancier, Linda Farrow, Oliver Peoples, Persol, RayBan, SIRE, Shwood"
23,ANDREA KOERBER,"Rosenheim, Germany","Chantal Thomas, Chloe, Diane von Fuerstenberg, Helmut Lang, Isabel Marant, Lanvin, Saint Laurent, Sergio Rossi, Stella McCartney"
24,ANEMI BRANDS,"Limassol, Cyprus","Alexander McQueen, Christopher Kane, Cushnie, Galvan London, Khaite NY, M Missoni, Michael Kors, Peter Pilotto, Roland Mouret, Silvia Tcherassi, Temperley London, Ulla Johnson"
25,ANNA MEGLIO,"Sora, Italy","Armani Junior, Burberry, Dolce & Gabbana, Dsquared2, Golden Goose Deluxe Brand, Herno Kids, Hogan, Moncler Enfant, Monnalisa, Ralph Lauren, Stella McCartney Kids, Tartine ed Chocolat, Woolrich Kids"
26,ANROSA,"Nantes, France","Alexander McQueen, Balmain, Common Projects, Faith Connection, Givenchy, Lanvin, Maison Margiela, Mastermind World, Off-White, Raf Simons x Adidas, Rick Owens, Y-3"
27,ANSH46,"Rotterdam, Netherlands","3.1 Phillip Lim, Adidas, Damr Doma, Ellery, Faith Connexxion, Haider Ackermann, Hed Mayner, Jacquemus, Juun J, Off White, Rick Owens, Y-3, Yeezy"
28,ANTIDOTE,"Atlanta, United States","1017-Alyx-9SM., Craig Green, Dries Van Noten, Marine Serre, Paco Rabanne, Rick Owens, Thom Browne, Undercover"
29,ANTONIA MACAU,"Macau , Macau SAR","Buscemi, Giuseppe Zanotti Design, Gucci, Kenzo, Marcelo Burlon, Nike, Off White, Rick Owens, Saint Laurent, Thom Browne, Valentino, Versace"
30,AU FUSEAU,"Spa, Belgium","AMI, Dsquared2, Golden Goose, Herno, Hogan, Isabel Marant Étoile, Jacob Cohen, Jérôme Dreyfuss, Moncler, Parajumpers., Premiata, Stone Island, Zadig & Voltaire"
31,AUZMENDI,"San Sebastián, Spain","Ann Demeulemeester, Dolce & Gabbana, Jil Sander, Marni, Missoni, Neil Barrett, Sacai, Saint Laurent"
32,BABY LIBERDADE,"Lisbon, Portugal","Boss. Fendi, Dolce & Gabbana, Gucci, Monnalisa, Versace"
33,BARCODE 23,"LLEIDA, Spain","Burberry, Canada Goose, Dolce & Gabbana, Givenchy, Moncler, Off-White, Saint Laurent, Stone Island"
34,BELLA DONNA,"Regensburg, Germany","AMI, ATM Anthony Thomas Melillo, Acne Studios, Alexandre Birman, Balmain, Frame, Galvin, Ganni, Helmut Lang, Maison Kitsuné, Nili Lotan, No.21, Victoria Beckham"
35,BENESCH,"Augsburg, Germany","Balenciaga, Dolce & Gabbana, Givenchy, Miu Miu, Moncler, Prada, Saint Laurent, Valentino"
36,BLU BOUTIQUE LUGANO,"Lugano, Switzerland","Balenciaga, Calvin Klein, Celine, Christian Dior, Christian Louboutin, Givenchy, Max Mara, Roger Vivier, Saint Laurent, Stella McCartney, The Row, Thom Browne, Valentino"
37,BOUNTY,"Santa Cruz de Tenerife, Spain - Canary Islands","Balenciaga, Burberry, Canada Goose, Celine, Chloé, Dior, Dolce & Gabbana, Fendi, Givenchy, Gucci, Moncler, Off-White, Palm Angels, Prada, Saint Laurent, Stone Island, Valentino, Vetements, Y3 Yamamoto Raf Simons"
38,BOUTIQUE ANTONIA LAGE,"Braga, Portugal","Antwomancollection, Diane Von Furstenberg, Edward Achour Paris, Ermanno Firenze, Momoni, Philosophy di Lorenzo Serafini, Saraco Paris, Scotch and Soda, Self Portrait, Zadig et Voltaire"
39,BOUTIQUE DOS RELOGIOS,"Lisbon, Portugal","Beguet, Blancpain, Breitling, Brumani, De Grisogono, HYT, Hubot, Jaquet Droz, Mattia Cielo, Omega, Piaget"
40,BABY LIBERDADE,"Lisbon, Portugal","Boss. Fendi, Dolce & Gabbana, Gucci, Monnalisa, Versace"
41,BABYLON BUS MEN,"Prato, Italy","Comme des Garçons, Duvetica, Faliero Sarti, Kenzo, Marc by Marc Jacobs, Marsèll, Paul Smith, Roberta Collina"
42,BABYLON BUS WOMEN,"Prato, Italy","3.1 Philip Lim, Alexander Wang, Carven, Diane Von Fürstenburg, Faliero Sarti, Forte Forte, Giorgio Brato, James Perse, Marc by Marc Jacobs, Nina Ricci, Repetto, Sacai Luck"
43,BARCODE 23,"LLEIDA, Spain","Burberry, Canada Goose, Dolce & Gabbana, Givenchy, Moncler, Off-White, Saint Laurent, Stone Island"
44,BASE BLU,"Varano Borghi, Italy","Alessandra Rich, Alexandre Birman, Attico, Calvin Klein, Magda Butrym, Mark Cross, Off White, Oscar Tiye, Self Portrait"
45,BEDIN,"Vicenza, Italy","BRUNELLO CUCINELLI, CHLOE, DOLCE & GABBANA, PUCCI, SAINT LAURENT, TOM FORD, VERSACE, ZIMMERMANN"
46,BELLA DONNA,"Regensburg, Germany","AMI, ATM Anthony Thomas Melillo, Acne Studios, Alexandre Birman, Balmain, Frame, Galvin, Ganni, Helmut Lang, Maison Kitsuné, Nili Lotan, No.21, Victoria Beckham"
47,BENESCH,"Augsburg, Germany","Balenciaga, Dolce & Gabbana, Givenchy, Miu Miu, Moncler, Prada, Saint Laurent, Valentino"
48,BERNARDELLI,"Mantova, Italy","Comme des Garçons, Emilio Pucci, Giuseppe Zanotti Design, Issey Miyake, Junya Watanabe, Lanvin, Maison Margiela, Mary Katrantzou, Moncler, Moschino, Saint Laurent, Sofie D'Hoore, Stuart Weitzman, Valentino"
49,BIFFI BOUTIQUES,"Milan, Italy","Alexander McQueen, Alexander Wang, Charlotte Olympia, Christopher Kane, Comme des Garçons, Emilio Pucci, Equipement, Ermanno Scervino, Lanvin, Marni, Moncler, Moncler Gamme Bleu"
50,BIRBA'S,"Pordenone, Italy","Alberta Ferretti, Alexander McQueen, Dolce & Gabbana, Forte Forte, Kenzo, Lanvin, MSGM, Marni, Moschino, Sacai, Stella Jean, Stella McCartney, Valentino"
51,BLACKOUT,"Prague, Czech Republic","Ann Demeulemeester, DRKSHDW, Isabel Benenato, Kristensen  Du Nord, Marsell, Officine Creative, Rick Owens, Rosa Maria, Rundolz, Transit"
52,BLONDIE,"Ligure, Italy","Carven, DSQUARED2, Dolce & Gabbana, Givenchy, MSGM, Maison Margiela, Moncler, Rick Owens, Saint Laurent, Stella McCartney"
53,BLU BOUTIQUE LUGANO,"Lugano, Switzerland","Balenciaga, Calvin Klein, Celine, Christian Dior, Christian Louboutin, Givenchy, Max Mara, Roger Vivier, Saint Laurent, Stella McCartney, The Row, Thom Browne, Valentino"
54,BON BON,"Verona, Italy",MONCLER - IL GUFO - STELLA MCCARTNEY - EMPORIO ARMANI - ALBERTA FERRETTI - COMME DES GARCONS PLAY - MSGM - MONNALISA - DSQUARED 2 - MC2 SAINT BARTH - C.P. COMPANY - BOBO CHOSES - TINY COTTONS.
55,Bonvicini,"Montecatini Terme, Italy","Alexander McQueen, Balmain, Brunello Cucinelli, Burberry, Charlotte Olympia, Chiara Ferragni, DSQUARED2, Dolce & Gabbana, Fendi, Giorgio Armani, Givenchy, Lanvin, Proenza Schouler, Tod's"
56,BOUNTY,"Santa Cruz de Tenerife, Spain - Canary Islands","Balenciaga, Burberry, Canada Goose, Celine, Chloé, Dior, Dolce & Gabbana, Fendi, Givenchy, Gucci, Moncler, Off-White, Palm Angels, Prada, Saint Laurent, Stone Island, Valentino, Vetements, Y3 Yamamoto Raf Simons"
57,BOUTIQUE ANTONIA,"Riccione, Italy","Ann Demeulemeester, Dolce & Gabbana, Gianluca Capannolo, Gianvito Rossi, Lanvin, Maison Margiela, Mary Katrantzou, Moschino, P.A.R.O.S.H, Philipp Plein, Repetto, Roberto Cavalli, Saint Laurent, Salvatore Ferragamo, Santoni"
58,BOUTIQUE ANTONIA LAGE,"Braga, Portugal","Antwomancollection, Diane Von Furstenberg, Edward Achour Paris, Ermanno Firenze, Momoni, Philosophy di Lorenzo Serafini, Saraco Paris, Scotch and Soda, Self Portrait, Zadig et Voltaire"
59,BOUTIQUE DOS RELOGIOS,"Lisbon, Portugal","Beguet, Blancpain, Breitling, Brumani, De Grisogono, HYT, Hubot, Jaquet Droz, Mattia Cielo, Omega, Piaget"
60,BOUTIQUE GALIANO ACANFORA,"Sorrento, Italy","Alexander Wang, Charlotte Olympia, DSQUARED2, Dolce & Gabbana, Duvetica, Giuseppe Zanotti, Golden Goose Deluxe Brand, Hogan, Lanvin, Marc Jacobs, Neil Barrett, Philipp Plein, Saint Laurent"
61,BOUTIQUE MANTOVANI,"Carate Brianza, Italy","Alexander McQueen, Balmain, Brunello Cucinelli, Comme des Garçon, Dolce & Gabbana, Etro, Fendi, Givenchy, Juun J, Lanvin, Mary Katrantzou, Moncler, Saint Laurent, Thom Browne, Valentino Garavani"
62,BOUTIQUE OFF WHITE,"Montpellier, France","Altewaisaome, Dodo Bar Or, Frame Denim, Iosselliani, Jean Paul Knott, Kristensen Du Nord, Noon by Noor, Suzusan, Teija, Zeus + Dione"
63,BOUTIQUE TRICOT,"Chianciano Terme, Italy","3.1 Phillip Lim, Acne Studios, Alexander McQueen, Alexander Wang, Balenciaga, Bally, Balmain, Brunello Cucinelli, Burberry, Chloé, Céline, Dolce & Gabbana, Elisabetta Franchi, Fendi, GCDS, Giorgio Armani, Givenchy, Golden Goose, Gucci, Isabel Marant, Jimmy Choo, Longchamp, Maison Margiela, Marc Jacobs, Missoni, Miu Miu, Moncler, Off-White, Palm Angels, Prada, Saint Laurent, Salvatore Ferragamo, Stone Island, Thom Browne, Twin-Set, Valentino, Veja, Versace, Vetements."
64,BRANDCO PARIS,"Dublin, Ireland","Balenciaga, Bottega Veneta, Burberry, Celine, Chanel, Dior, Fendi, Goyard, Gucci, Hermès, Louis Vuitton, Prada, Yves St-Laurent"
65,BRATFISCH,"Giessen, Germany","Brunello Cucinelli, Canada Goose, Dorothee Schumacher, Dsquared2, ETRO, Herno, Hogan, Jacob Cohen, Moncler, Santoni, See by Chloé, Self Portrait, Stone Island"
66,BRIGITTE BR,"São Paulo, Brazil",Brigitte
67,BRUNA ROSSO,"Cuneo, Italy","Balenciaga, Burberry, Celine, Chloe, Dior, Dolce&Gabbana, Fendi, Givenchy, Gucci, Loewe, Moncler, Saint Laurent, Versace"
68,BUGATTI DONNA,"Udine, Italy","Alexander Wang, Isabel Marant, Lanvin, Marni, Moncler Gamme Rouge"
69,BUGATTI UOMO,"Udine, Italy","Alden, Boglioli, Cruciani, Drumohr, Duvetica, Edwin, MP Massimo Piombo, MSGM, Moncler Gamme Bleu, Moncler W, Paul Smith, Sacai, Salvatore Piccolo, Stutterheim"
70,BUNGALOW-GALLERY,"Stuttgart, Germany","AMI, Chloé, Dolce & Gabbana, Lacoste Live, Lanvin, Maison Margiela, Moncler, Paul Smith, Saint Laurent, Saturdays Surf NYC, Stella McCartney, The White Briefs"
71,BURRESI,"Wiesbaden, Germany","Ami Paris, Celine, Chloe, Dries van Noten, Golden Goose, Hogan, MSGM, Moncler, Off-White., Philippe Model, Prada, Saint Laurent, Santoni, Stone Island, Tod´s, Valentino, by far"
72,CACCIAPUOTI BOUTIQUE,"Giugliano, Italy","Burberry, Chloè, Dsquared2, Givenchy, Golden Goose, Kenzo, Marcelo Burlon, Moncler, Moschino, Msgm, Neil Barrett"
73,CALLISTO,"Baden-Baden, Germany","Balmain, Bottega Veneta, Céline, Dior, Dolce & Gabbana., Fendi, Givenchy, Gucci, Prada, Saint Laurent"
74,CAMMISOTTOJR,"Taurianova, Italy","Alberta Ferretti, Alexander McQueen, Balmain, Burberry, Dior, Dolce & Gabbana, Dsquared2, Fendi, Givenchy, Gucci, Philipp Plein, Stone Island, Versace."
75,CAPOSERIO,"Cefalu, Italy","BALMAIN, BURBERRY, GOLDEN GOOSE, HOGAN., KENZO, MARCELO BURLON, MOCLER, MOSCHINO, OFF-WHITE, PALM ANGELS, POLO RALPH LAUREN, STONE ISLAND, WOOLRICH"
76,CAPRICCI,"Bari, Italy","Alberta Ferretti, Balmain, Burberry, Chloe, Dsquared, Fendi, Golden Goose, Herno, Il Gufo, Moncler, Moschino, Philosophy, Versace"
77,CAPSULE BY ESO,"Lyon, France","Diesel Black Gold, Givenchy, Moschino, Paul & Joe, Pierre Balmain, Vivienne Westwood"
78,CARA,"Limassol, Cyprus","Alberta Ferretti, Elie Saab, Hervé Léger, Jil Sander, Maison Margiela, Moncler, Mugler, Paul Smith"
79,CARINA KINDERMODE,"Berlin, Germany","Aletta, Cherie, Dior, Dolce Gabbana Kids, Il Gufo, Moncler Kids, Monnalisa, Scervino, Tartine et Chocolat"
80,CAROFIGLIO JUNIOR,"Cosenza, Italy","Burberry Kids, Dolce & Gabbana Kids, Dsquared2 Kids, Kenzo Kids, MSGM Kids, Marni Kids, Moschino Kids"
81,CASA FRUMOASA,"Bucharest, Romania","3.1 Phillip Lim, Alexander McQueen, Alexander Wang, Christopher Kane, Fausto Puglisi, Loro Piana, MSGM, Marcelo Burlon, No21, Pierre Balmain, Rochas, Stone Island Shadow"
82,CASA MODA,"Steyr, Austria","Acne, Balenciaga, Bottega Veneta, Cruciani, DSquared2, Dolce & Gabbana, Eton, Etro, Ganni, Gucci, Heart of Ace, Helmut Lang, JBrand, Jacob Cohen, Majestic, Missoni, Moncler, Norma Kamali, Phil Petter, Prada, Saint Laurent, Santoni, Stone Island, Theory, Thom Krom, Tom Ford, Valentino, Victoria Beckham."
83,CAVALLI E NASTRI,"Milan, Italy","Biki, Chanel, Comme des Garçons, Gianfranco Ferré, Hermès, Issey Miyake, Jean Paul Gaultier, Maison Margiela, Moschino, Pucci, Valentino, Versace, Yves Saint Laurent"
84,CENERE,"POVE DEL GRAPPA, Italy","Alexander McQueen, Aquazzura, Dolce & Gabbana, Dsquared2, Ermanno Scervino, Fendi, Giuseppe Zanotti Design, Givenchy, Golden Goose Deluxe Brand, Gucci, Isabel Marant, Lanvin, Moncler, Off-White, Stuart Weitzman Moncler"
85,CHANGING ROOM,"Tunbridge Wells, United Kingdom","3.1 Phillip Lim, Chloé, Haider Ackermann, Helmut Lang, Lanvin, Marni, Moncler, Red Valentino, Tod's"
86,CHAPEAU MAN,"Valencia, Spain","Balmain, Carven, Jil Sander, Moncler, Neil Barrett, Thom Browne, Valentino"
87,CHAPEAU WOMAN,"Valencia, Spain","Ann Demeulemeester, Isabel Marant, Lanvin, Marni, Missoni, Neil Barrett, Saint Laurent, Stella McCartney"
88,CHARME,"Vigo, Spain","Brioni, Church’s, Dolce & Gabbana, Hogan, Incotex, Loro Piana, Moncler, PT01, Tod’s"
89,CHIARO SCURO,"Piancogno, Italy","Acne Studios, Aya Muse, Chopova, Daniela Gregis, Dries Van Noten, Faithfull, Forte Forte, Ganni, La Doublej, Lemaire, Nanuska, Sacai, Uma Yang"
90,CHIESA SERAFINO STORE,"Villafranca di Verona, Italy","Alanui, Ami Paris, Comme des Garcons, Coperni, Courreges, Dries Van Noten, Erl, Giorgio Armani, Isabel Marant, J.W.Anderson, Jacquemus, Jil Sander, Junya Watanabe, Khaite, Lanvin, Lemaire, Loewe, Maison Margiela, Marine Serre, Marni, Max Mara, Off White, Paco Rabanne, Palm Angels, Peter Do, Proenza Schouler, Raf Simons, Sacai, Simone Rocha, Stone Island, The Attico, Thom Browne, Y/ Project"
91,CHILDSPLAY CLOTHING,"Ilford, United Kingdom","Armani Junior, Burberry Kids, Chloé Kids, Dolce & Gabbana Kids, Fendi Kids, Moncler Kids, Monnalisa, Moschino Kids, Ralph Lauren Kids, Roberto Cavalli Kids"
92,CHOSES DE FEMME,"Bilbao, Spain","Church’s, Gianvito Rossi, Hogan, Jimmy Choo, Tod’s"
93,CHRISTINA'S,"Timmendorfer Strand, Germany","Brunello Cuccinelli, Christiano Fissore, Eleventy, Ermanno Scervino, Fay, Hogan, Iris von Arnim, MSGM, Moncler, N°21, O`Keeffe, Seafarer, Stone Island, Tod`s"
94,CHRONEXT,"Cologne, Germany","A. Lange & Söhne, Audemars Piguet, Cartier, Hublot, IWC, Jaeger LeCoultre, Omega, Panerai, Patek Philippe, Rolex, Tudor"
95,CHUCKIES BROOKLYN,"Brooklyn, United States","Alexander Wang, Amina Muaddi, Balenciaga, Chloe, Ferragamo, Giuseppe Zanotti, Isabel Marant, Malone Souliers, Manolo Blahnik, Miu Miu, Stella McCartney, Valentino, Versace"
96,CIOLINA,"Bern, Switzerland","Alanui, Brunello Cucinelli, Burberry, Comme des Garçons, Dolce&Gabbana, Etro, Golden Goose, Khaite, Moncler, Off White, Stone Island, The Elder Statesman., Valentino"
97,CLOSET CASE DUBAI,"Dubai, U.A.E.","Ann Demeulemeester, Boris Bidjan Saberi, Haider Ackermann, Issey Miyake, Julius, Kuboraum, Rick Owens, Uma Wang, Undercover, Vava Eyewear, Yohji Yamamoto, Ziggy Chen"
98,CLOSET CASE SOHO,"London, United Kingdom","11 by Boris Bidjan Saberi, Attachment, Devoa, Issey Miyake, Masnada, Rick Owens, Song for the Mute, Uma Wang"
99,CLUB 21,"Singapore, Singapore","Christopher Kane, Delpozo, Giambattista Valli, Junya Watanabe, Miharayasuhiro, Neil Barrett, Raf Simons, Sacai, The Row, Thom Browne, Tomas Maier"
100,CLUB 21 MALAYSIA,"Kuala Lumpur, Malaysia","3.1 Philip Lim, Alexander McQueen, Alexander Wang, Carven, Commes des Garçons, Giambattista Valli, Lanvin, Marni, Neil Barrett, Stella McCartney"
101,CLUBE BOSSA BR,"São Paulo, Brazil",Clube Bossa
102,COCCOLE,"Rutigliano, Italy","Au Jour Le Jour Petits, Bobo Choses, Burberry Kids, Chloé Kids, Kenzo Kids, Kids of Milan, Little Marc Jacobs, MSGM Kids, Mini Rodini, Moschino Kids, Play by Comme Des Garçons, Vivetta"
103,COCO BIS,"Andorra la Vella, Andorra","Closed, Eres, Etro, Golden Goose, Hunza G, Jil Sander, Khaite, Loewe, Max Mara, Moncler, Nili Lotan, Raquel Allegra, Saint Laurent, Toteme"
104,COLLECTOR SQUARE,"Paris, France","Boucheron, Cartier, Chanel, Dior, Hermes, Jaeger Lecoultre, Patek Philippe, Rolex, Van Cleef & Arpels, Vuitton"
105,COLOGNESE 1882,"Montebelluna, Italy","Burberry, Dolce and Gabbana, Dsquared, Fendi, Ferragamo, Givenchy, Gucci, Isabel Marant, Lanvin, Max Mara, Moncler. Balmain, Neil Barret, Prada, Stone Island, Tods, Tom Ford, Tory Burch, Versace"
106,CONCRETE,"Amsterdam, Netherlands","Duran Lantink, Facetasm, Freitag, Garbage TV, Griffin, Haversack, Henrik Vibskov, Kuboraum, LC23, Medicom, Neighborhood, Nilmance, Perks and Mini, TTSWTRS, Walter van Beirendonck, adidas Y-3, maharishi"
107,CORNER,"Palma de Mallorca, Spain","Barbajada, Dolce & Gabbana, Etro, Faliero Sarti, Fendi, Frame Denim, Herno, Lanvin, Marni, Moncler, Moschino, Saint Laurent"
108,COSE,"Cremona, Italy","A.P.C., Alexander Wang, Bianca Biazzi, Chiara Ferragni, Current Elliot, DKNY, Emilio Pucci, Forte Forte, Golden Goose Deluxe Brand, IRO, Isabel Marant, Jil Sander, Kenzo, Moschino"
109,COTTON CLUB,"Monza, Italy","11 by BBS, Ann Demeulemeester, Dsquared2, Guidi, Julius, Off-White, Palm Angels, Rick Owens DRKSHDW, Uma Wang, Werkstatt, Yohji Yamamoto"
110,FASHION GALLERY,"Tivat, Montenegro","Alexander McQueen, Balenciaga, Billionaire, Dolce & Gabbana, Dries van Noten, Dsquared2, Ermanno Scervino, Gucci, Philipp Plein, Valentino"
111,FEUILLE LUXURY,"Vancouver, Canada","8-Bit, DRKSHDW, Dom Rebel, Haculla, Heron Preston, IH NOM UH NIT, Kenzo, Marcelo Burlon County of Milan, McQ Alexander McQueen, Moschino, Off-White, Palm Angels, Rhude, Rick Owens"
112,FIRIS,"Vienna, Austria","6397, A.W.A.K.E, Ann Demeulemeester, Christopher Kane, Erdem, Gosha Rubchinskiy, Isa Arfen, Julien David, Kristensen Du Nord, Natasha Zinko, Simone Rocha, The Row, Walk of Shame, Zucca"
113,FIRST BOUTIQUE,"Limassol, Cyprus","16Arlingon, Alanui, Amina Muaddi, Amiri, Area, Balenciaga Eyewear, Benedetta Bruzziches, Bottega Veneta Eyewear, Brunello Cucinelli, Casablanca, Dion Lee, Dita, Ermanno Scervino, Golden Goose, Ksubi, Lanvin, Linda Farrow, Low Classic, Mach & Mach, Mugler, Nanushka, New Arrivals, Off-white, Palm Angels, Rotate, The Attico, The Mannei, The Row, Y-3, Zimmermann"
114,FIRST FEMME,"Aix en Provence, France","Balmain, Chloe, Moncler, Prada, Saint Laurent, Valentino"
115,FIRST HOMME,"Aix en Provence, France","Adidas x Raf Simons, Balenciaga, Dsquared2, Lanvin, Moncler, Prada, Saint Laurent, Valentino"
116,FIVE,"Leiria, Portugal","Burberry London, Chloé, Dirk Bikkembergs, Dolce & Gabbana, Dsquared², Emporio Armani, Etro, Jacob Cohen, M Missoni, Marni, Max Mara Studio, Missoni, Roberto Cavalli, Sand, Sportmax, Valentino Garavani"
117,FOEGER WOMAN PURE,"Telfs, Austria","Aquazurra, Balenciaga, Brunello Cucinelli, Céline, Dries van Noten, Gucci, Loewe, Moncler, N°21, Off-White, Rick Owens, The Row, Tod's"
118,FORUM,"Palma de Mallorca, Spain","Carven, Forte Forte, Golden Goose, Isabel Marant, K. Jacques St-Tropez, T By Alexander Wang, Victoria Victoria Beckham"
119,FRANK STORE,"Ourense, Spain","Ami Paris, Aries, C.P. Company, Emporio Armani, Heron Preston, Karl Lagerfeld, Kenzo, Marc Jacobs, Marcelo Burlon, Moschino, New Balance., Paul Smith, Versace Jeans"
120,DANIEL ARNEDO,"Logroño, Spain","Brunello Cucinelli, Dolce & Gabbana, Dsquared2, Etro, Moncler, Rick Owens, Stone Island, Tom Ford"
121,DANTE 5 DONNA,"Bari, Italy","Balmain, Chloé, Mary Katranzou, Stella McCartney"
122,DANTE 5 UOMO,"Bari, Italy","Band of Outsiders, DSQUARED2, Dacute, Golden Goose Deluxe Brand, Neil Barrett"
123,DAVID LAWRENCE,"Bellevue, United States","Edward Achour Paris, Moschino, Neil Barrett, No. 21, Philipp Plein, Tateossian, Versace"
124,DEL ROSA AL AMARILLO,"Santander, Spain","3.1 Phillip Lim, Alexander Wang, Gianvito Rossi, Giuseppe Zanotti Design, Iro, Isabel Marant, Kenzo, Moncler, Nina Ricci, Stella McCartney"
125,DELFIN&MARIA,"Ourense, Spain","Church’s, Dolce & Gabbana, Hogan, Jimmy Choo, Moncler, Philippe Model, Santoni, Sergio Rossi"
126,DELIBERTI,"Naples, Italy","Alexander Wang, Balmain, Casadei, Drome, Giuseppe Zanotti Design, Givenchy, Golden Goose Deluxe Brand, Helmut Lang, Jimmy Choo, Kenzo"
127,DELITTO E CASTIGO,"Madrid, Spain","Alexandre Vauthier, Ann Demeulemeester, Balmain, Comme des Garçons, Elie Saab, Haider Ackmermann, Missoni, Rick Owens, Roberto Cavalli, Vivienne Westwood, Yohji Yamamoto, Zuhair Murad"
128,DELLOGLIO,"Palermo, Italy","Alexander McQueen, Brunello Cucinelli, Burberry, Christopher Kane, DSquared2, Dolce & Gabbana, Givenchy, Kenzo, MSGM, Moncler, Proenza Schouler, Stella McCartney, Valentino"
129,DEPARTAMENTO,"Los Angeles, United States","By Walid, Faith Conexion, Loewe, Marni, Yang Li"
130,DI PIERRO,"Taranto, Italy","3.1 Phillip Lim, Alexander Wang, Carven, Comme des Garçons, DSquared2, Golden Goose Deluxe Brand, Kenzo, Lardini, Les Hommes, MSGM, Marni, McQ Alexander McQueen, Moschino, Neil Barrett, Officine Creative, Stella McCartney"
131,DI'BEL,"Berlin, Germany","Alexander Terekhov, Aquazzura, Barbara Bui, Borsalino, Elie Saab, Erin Adamson, Hector Saxe, Joseph, Loro Piana, Marni, Msgm, N°21, Paul Andrew, Paule Ka, Rochas, Roland Mouret, Self Portrait, Zimmermann"
132,DILETTANTE,"Perth, Australia","Ann Demeulemeester, Christian Wijnants, Comme des Garçons, Issey Miyake Me, Issey Miyake Pleats Please, Kuboraum, Preen, Rick Owens, Rosa Maria Jewellery, Shaina Mote"
133,DISTANTE,"Belgrade, Serbia","1017 alyx 9sm, Alexander McQueen, Balenciaga, Celine, DUSAN, Fabrizio Viti, Fendi, Gianvito Rossi, JW Anderson, KHAITE, MSGM, Rick Owens, Zadig&Voltaire"
134,DISTINTO BOUTIQUE,"Bucharest, Romania","Alberta Ferretti, Antonio Marras, Boutique Moschino, Casadei, Gedebe, Giuseppe Zanotti, Herno, Le Silla, Moschino Couture, N21, Philosophy di Lorenzo Serafini, Red Valentino, Sergio Rossi"
135,DIVA,"Salzburg, Austria","Brunello Cucinelli, Chloé, Diane von Fürstenberg, Dolce & Gabbana, Isabel Marant, Max Mara, Saint Laurent"
136,DIVINCENZO,"Sant'Anastasia, Italy","AMI, Alessandra Rich, Alex Perry, Alexander Wang, Alexandre Vauthier, Axel Arigato, Bode, Casablanca, Comme Des Garcons, Coperni, Courreges, David Koma, Dries Van Noten, Erl, Heliot Emil, Helmut Lang, Jacquemus, Jil Sander, Khaite, Lanvin, Lemaire, Magda Butrym, Max Mara, Rabanne, Rhude, Rick Owens, Simone Rocha, Y/Project, Zegna, Zimmermann"
137,DIVO,"Santa Maria al Monte, Italy","Alexander Wang, Brunello Cucinelli, Burberry, Chloé, DSquared2, Dolce & Gabbana, Faliero Sarti, Fendi, Forte Forte, Givenchy, Lanvin, Maison Margiela, Marc Jacobs, Moncler, Moschino, Proenza Schouler, Roberto Cavalli, Saint Laurent, Stella McCartney"
138,DOLCI TRAME,"Siena, Italy","Alexander Wang, Ann Demeulemeester, Cacharel, Carven, Diane Von Fürstenberg, Faliero Sarti, Forte Forte, Givenchy, Goti, Haider Ackermann, Herno, Jil Sander, Kenzo, Reed Krakoff, Rick Owens, Sacai, Sacai Luck, See by Chloé"
139,DOMUSTORE,"Taranto, Italy","Alessi, Ginori 1735, Ivv, Lalique, Lladro, Qeeboo, Riedel, Rosenthal, Seletti, Versace, Villeroy & Boch, Wedgwood"
140,DOPE-FACTORY,"Funo, Italy","3.1 Phillip Lim, Comme des Garçons Shirt, Golden Goose Deluxe Brand, Kenzo, Maison Margiela, Marcelo Burlon County of Milan, Marni, Mykita, Neil Barrett, Off-White, Rick Owens Drkshdw, Rick Owens Lilies, Stone Island, Y-3"
141,DOSHABURI,"Barcelona, Spain","Ann Demeulemeester, Bernhard Willhelm, Bless, Chalayan, Individual Sentiments, Jeremy Scott, Kris Van Assche, Lemaire, Rick Owens"
142,DRESSING FACTORY VINTAGE,"Saint-Cyr-sur-Mer, France","Alaïa vintage, Chanel vintage, Céline vintage, Emilio Pucci vintage, Hermès vintage, Jean-Louis Scherrer vintage, Léonard vintage, Yves Saint Laurent vintage"
143,DU BROLIAI,"Vilnius, Lithuania","Brioni, Dolce & Gabbana, Giorgio Armani, Loro Piana, Moncler, Ralph Lauren, Valentino"
144,ED SHOES,"Barcelona, Spain","Comme des Garçons Comme des Garçons, Jil Sander, MM6 Maison Margiela, Maison Margiela, Marc Jacobs, Marni, Robert Clergerie"
145,EDO,"Ajaccio, France","Alexander McQueen, Balmain, Dior, Dsquared2, Moncler, Off-White, Palm Angels, Saint Laurent, Vans Vault"
146,EDONORA,"Bilbao, Spain","Adidas, Cole Haan, G-shock, New Balance, Puma, Reebok"
147,EDV BOUTIQUE,"Frattamaggiore, Italy","Armani, Dondup, Fendi, Hogan, Il Gufo, Moncler, Monnalisa, Moschino, No.21, Simonetta, Ugg, Versace"
148,EINWALLER,"Innsbruck, Austria","Alexander Mc Queen, Brunello Cucinelli, Dolce&Gabbana, Dsquared, Givenchy, Gucci, Moncler, Palm Angles, Prada, Saint Laurent, Stone Island, Valentino"
149,EKADEME,"Utrecht, Netherlands","AMBUSH, JW Anderson, Kolor, Lanvin, Loewe, North Face Black Series & More, OAMC. A-cold-wall, Pierre Hardy, Thom Browne, Wooyoungmi"
150,EKOH STUDIO,"Mykonos, Greece","69 Isaac Sellam, Barbara Alan, Eyepetizer, Heliot Emil, ISO.Poetism by Tobias Birk Nielsen, Kuboraum, Raf Simons, Y-3"
151,EKSEPTION MARBELLA,"PUERTO BANUS, Spain","Alessandra Rich, Chloé, Christian Louboutin, Gianvito Rossi, Jacquemus, Khaite, Magda Butrym, Roland Mouret, Stella McCartney, Vetements, Zimmermann"
152,ELEGANZA,"Groenekan, Netherlands","Acne Studios, Alexander McQueen, Canada Goose, Dior, Dsquared2, Givenchy, Golden Goose, Isabel Marant, Off-White, Palm Angels, Saint Laurent, Stone Island, Valentino"
153,ELEONORA BONUCCI,"VITERBO, Italy","Alexander McQueen, Balmain, Dior Homme, Givenchy, Jimmy Choo, Maison Margiela, Rick Owens, Saint Laurent, Stella McCartney, Thom Browne, Tom Ford"
154,ELEPHANTS,"KYOTO SHI NAKAGYO KU, Japan","Amiri, Balenciaga, Essentials, Fear of God, Heron Preston, Jil Sander, Marcelo Burlon, Martine Rose., Moncler, Off-white, Palm Angels, Readymade, Stone Island, Vetements"
155,ELEVASTOR,"Paris, France","Barragan, Charles Jeffrey, Cool, Justine Clenquet, MISBHV, Ninamounah, Telfar, Vaquera, Varon"
156,ELIGENS,"Barcelona, Spain","""Who Decides War"" by Ev Bravado., 1017 ALYX 9SM, 424, A-COLD-WALL, ADER ERROR, AMBUSH, HERON PRESTON, MARTINE ROSE, MASTERMIND, OFF WHITE, PALM ANGELS, READYMADE, RHUDE"
157,ELITA COLLECTION,"Melbourne, Australia","Audemars Piguet, Hermes, Patek Philippe, Richard Mille, Rolex"
158,ELITE,"Marbella, Spain","Alexander McQueen, Alexander Wang, Balmain, Charlotte Olympia, Dsquared², Emilio Pucci, Giorgio Armani, Giuseppe Zanotti, Givenchy, Kenzo, Lanvin, Mary Katrantzou, Moschino, Roberto Cavalli, Versace"
159,ELLITE ALTEA,"ALTEA, Spain","Brunello Cuccinelli, Dondup, Herno, James Perse, Kiton, Lanvin, Lorena Antoniazzi, Marysia, Matsuda, Memo, N21, Peserico, Stefano Ricci"
160,em’vi Kids Store,"Innsbruck, Austria","Balmain, Diesel, Dsquared², Il Gufo, Kenzo, Khrisjoy, Lanvin, MSGN, Yves Salomon., Zadig&Voltaire"
161,EMERSON RENALDI,"Nuernberg, Germany","Chloé, DSQUARED2, Dolce & Gabbana, Giuseppe Zanotti, Golden Goose Deluxe Brand, Kenzo, MSGM, McQ by Alexander McQueen, Neil Barrett, Valentino Garavani"
162,ENTRANCE,"Bucharest, Romania","Cinzia Araia, Gareth Pugh, Guidi, Isaac Sellam, Issey Miyake, Lost And Found, Marsèll, Rick Owens, Rosa Maria, Simone Rocha, Thom Browne, Vava, Y-3"
163,EQUIPE,"San Marcellino, Italy","Alexander Wang, Alice Olivia, Givenchy, Herno, Hood By Air, KTZ, MM6 Maison Margiela, Marcelo Burlon, McQ Alexander McQueen, Moschino, Pierre Balmain, Rick Owens DRKSHDW, Y-3"
164,ERALDO,"Ceggia, Italy","3.1 Phillip Lim, Alexander McQueen, Alexander Wang, Ann Demeulemeester, Carven, Charlotte Olympia, Chiara Faragni, Chloé, Christopher Kane, Dolce & Gabbana, Fendi, Lanvin, Proenza Schouler, Saint Laurent, Stella McCartney"
165,"ETOILE ""LA BOUTIQUE""","Dubai, U.A.E.","Alexander Wang, Alexis Mabille, Aquazzura, Christopher Kane, Greta Constantine, Huishan Zhang, Ingie Paris, N.21, Needle & Thread, Osman, Philosophy, Rejina Pyo, Rochas, The Volon, Three Floor, Zac Posen"
166,ETRE - VESTIRE,"Mantova, Italy","3.1 Philip Lim, Antonio Marras, Burberry, Daniela Gregis, Faliero Sarti, Jil Sander, Marsèll, Michael Kors, P.A.R.O.S.H, Pier Antonio Gaspari, Ralph Lauren, Repetto, Sacai, Ter et Bantine, Versace Collection"
167,EX VOTO,"Naples, Italy","Ann Demeulemeester, Cedric Charlier, Comme des Garcons, Haider Ackermann, Ilaria Nistri, Issey Miyake, Junya Watanabe, Marsèll, Noir Kei Ninomiya, Philosophy, Sacai"
168,FAMILY 3.0,"Avignon, France","Canada Goose, Kenzo, Maison Kitsuné., Maison Margiela, Moschino, Stone Island, Y-3"
169,FAMILY 3.0 AIX,"Aix en Provence, France","A-COLD-WALL, Arc'teryx, Axel Arigato, Canada Goose, Drôle de Monsieur, Kenzo, Maison Kitsuné, Maison Margiela, Marni, Moschino, Paul & Shark, Salomon., Y-3"
170,LA FABRIC SHOP,"Nice, France","A-COLD-WALL, A.P.C., AMI PARIS, CARHARTT WIP, COMME DES GARCONS SHIRT, JW ANDERSON, MAISON KITSUNÉ, MAISON MARGIELA, MARNI, NEW BALANCE, OUR LEGACY, SUICOKE"
171,LA POMA LA PERA,"GIRON, Spain","Dsquared2, Emporio Armani, Herno, Karl Lagerfeld, Kenzo, Love Moschino, Michael Kors, Plein Sport, Premiata, Ugg, Versace Jeans"
172,LABEL CLOTHING,"Nuneaton, United Kingdom","AMI, Balmain, DSquared2, Giuseppe Zanotti, Kenzo, Marcelo Burlon, Moncler, Neil Barrett, Off White, Palm Angels, Philipp Plein, Rick Owens, Stone Island, Versace, Yeezy"
173,LABELS,"Sittard, Netherlands","Boris Bidjan Saberi, Buscemi, Comme Des Garcons, Fear Of God, Gosha Rubchinskiy, Haider Ackermann, Isabel Marant, Juun.J, Loewe, Moncler, Off White, Raf Simons, Y-3 Yohji Yamamoto"
174,LAPIN HOUSE,"Kifissia, Greece","DSquarde2, Diesel, Moncler, Polo Ralph Lauren"
175,LARIZIA,"Leeds, United Kingdom","Alexander McQueen, Balenciaga, Isabel Marant and Ganni., Saint Laurent, Stella McCartney, The Attico"
176,LAUFSTEG,"Augsburg, Germany","AMI, Amiri, Balenciaga, DSquared2, Givenchy, Golden Goose Deluxe Brand, Maison Margiela, Moncler, Neil Barrett, Off-White, Paul Smith, Saint Laurent, Stone Island, Y-3"
177,LAYERS,"London, United Kingdom","Balmain, DRKSHDW and Lilies by Rick Owens, Damir Doma, Devoa, Gareth Pugh, Guidi, Helmut Lang, Isaac Sellam, Jean Paul Gaultier"
178,LE 22 LUNETIER,"Paris, France","Garett Leigh, Jacques Marie Mages, John Dalia, Oliver Peoples, Victoria Beckham"
179,LE BLOCK BY SOLIS,"Lyon, France","AMI Paris, Attachment, Comme Des Garcons Parfums, Comme Des Garcons Play, Comme Des Garcons Shirt, Comme Des Garcons Wallets, Homme Plisse, Issey Miyake, Maison Martin Margiela, Maison Mihara Yasuhiro, Sacai, Undercover, Y-3"
180,LE GRAY BOUTIQUE,"Riyadh, Saudi Arabia","Acne Studios, Alexander Wang, Ami Paris, Amiri, Attico, Dris Van Noten, Dsquard2, Golden Goose, Greg Lauren, Heron Preston, Maison Margiela, Neil Barret, Off-White, Palm Angels, Raf Simons, Rick Owens, Sacai, Y-3"
181,LE PRESENT,"GIRON, Spain","Acne Studios, Balenciaga, Bottega Veneta, Brunello Cucinelli, Celine, Chloé, Dior, Dolce & Gabbana, Kiton, Off-White, Rochas, Saint Laurent, Valentino, Yves Salomon"
182,LE9,"Perpignan, France","Alexander McQueen, Ami Paris, Autry, Balenciaga, Burberry, CP Company, Casablanca Paris, Dsquared2, ERL, Golden Goose, Isabel Marant, Kenzo, Maison Margiela, Moncler, Off-White, Rhude, Stone island"
183,LEIDMANN,"Munich, Germany","Anna Karin Karlsson, Chrome Hearts, DITA, Linda Farrow, MYKITA, Onono, Ralph Vaessen, Thom Browne"
184,LEIGH'S,"Grand Rapids, United States","Alexander McQueen, Aquazzura, Barbara Bui, Carven, Cinq a Sept, Co, MSGM, Nili Lotan, Proenza Schouler, Raquel Allegra, Stella McCartney"
185,LEISURE CENTER,"Vancouver, Canada","Amiri, Ann Demeulemeester, Balenciaga, Comme des Garçons, Comme des Garçons Homme Plus, Guidi, Heron Preston, Loewe, Maison Margiela, Palm Angels, Rick Owens, Yohji Yamamoto, Zimmermann"
186,LES MARKET,"Stockholm, Sweden","Adidas SLVR, Alexander Wang, Avelon, Damir Doma, Damir Doma-Silent, Henrik Vibskov, Iro, J Dauphin, Kris Van Assche, Local Firm, Minimarket, Odeur, Rick Owens, Rick Owens-DRKSHDW, Rodebjer, T By Alexander Wang, V Ave Shoe Repair, Yvonne Kone"
187,LEVEL SHOES,"Dubai, U.A.E.","Adidas, Alexander McQueen, Amina Muaddi, Aquazzura, Balenciaga, Bottega Veneta, Burberry, By Far, Chanel, Christian Dior, Common Projects, Gucci, Jacquemus, Louis Vuitton, Malone Souliers, Nike, Prada"
188,LINDA MENDES,"Guimaraes, Portugal","Agnona, Alexander MCQueen, Anya Hindmarch, Brian Atwood, Casadei, Chloé, Christopher Kane and Tods ., Dolce&Gabbana, Dsquared2, Emilio Pucci, Fendi, Givenchy, Hogan, Kenzo, Lanvin, Maison Michel, Nicholas Kirkwood, Pierre Hardy, Proenza Schouler, Saint Laurent, Sergio Rossi, Sophia Webster, Stouls Paris, Tory Burch, Versace, Victoria Beckham"
189,LINDNER FASHION,"Dortmund, Germany","Acne Studios, American Vintage, Carven, Current/Elliott, DVF Diane Von Furstenberg, Helmut Lang, Jerome Dreyfuss, Kenzo, MSGM, Missoni, Philippe Model"
190,GAUDENZI,"Rimini, Italy","3.1 Phillip Lim, Alexander McQueen, Bulgari, Carven, Casadei, Christopher Kane, Diane Von Furstenberg, Dsquared², Emilio Pucci, Fendi, Giuseppe Zanotti, Marc Jacobs, Marni, Moncler, Saint Laurent, Tod's, Valentino"
191,GENTE ROMA,"Rome, Italy","Alexander McQueen, Balmain, Chloé, Dolce & Gabbana, Duvetica, Fendi, Gianvito Rossi, Jil Sander, Lanvin, M Missoni, Markus Lupfer, Mary Katrantzou, Proenza Schouler, Sergio Rossi, Stella McCartney, Tory Burch"
192,GEPPETTO,"Innsbruck, Austria","Armani, Balmain, Bonpoint, Canada Goose, Dsquared2, Karl Lagerfeld, Moncler, Monnalisa, Moschino, Polo Ralph Lauren, Stone Island, Tartine & Chocolat, Woolrich"
193,GIBOT SRL,"Rome, Italy","Alberta Ferretti, Alexander Wang, Brunello Cucinelli, Helmut Lang, Marc Jacobs, Moncler, Moschino, Paco Rabanne, Play Comme des Garcons, Proenza Schouler, Red V, Stone Island"
194,GIO MORETTI,"Milan, Italy","Alberta Ferretti, Alexander McQueen, Balmain, Brunello Cucinelli, Giambattista Valli, Givenchy, Jimmy Choo, Louboutin, Moncler, Neil Barrett, Saint Laurent, The Attico, Versace"
195,GIOIA DEI BIMBI,"Potenza, Italy","DSQUARED2, ELISABETTA FRANCHI, FAY, HERNO, IL GUFO, JEREMY SCOTT, KARL LAGERFELD, KENZO, MARCELO BURLON, MARNI., MOSCHINO, N .21, STONE ISLAND"
196,GISA,"Chiaravalle, Italy","Alice + Olivia, Armani Collezioni, Balenciaga, Bally, D.Exterior, Diane Von Furstenberg, Dolce & Gabbana, Dondup, Erika Cavallini, Ermanno Scervino, Fay, Gianluca Capannolo, Givenchy, Happiness, Herno, Les Copains, Longchamps, Marc by Marc Jacobs, Michael Kors, Moncler, Philipp Plein, Pinko, Roberto Cavalli, Stuart Weitzman, Tory Burch"
197,GLASSES ON,"Vilnius, Lithuania","Celine, Chrome Hearts, Dior, Gucci, Jacquemus, Lapima, Loewe, Mykita, Peter and May, Rigards, Saint Laurent, Tom Ford"
198,GOLF CLUB BOUTIQUE,"Orzinuovi, Italy","Alexander McQueen kids, Balmain, Balmain kids, Brunello Cucinelli, Burberry, Burberry kids, Canada Goose, Dsquared2, Etro, Givenchy kids, Golden Goose, Gucci kids, Heron Preston, Kenzo, Kenzo kids., Marcelo Burlon, Max Mara, Moncler, Moncler kids, Moschino, Msgm, Stone Island, Versace kids"
199,GORE,"Torrevieja, Spain","Alexander Wang, Brioni, Dolce & Gabbana, Etro, Isabel Marant, Moncler, Philipp Lim, Saint Laurent, Stella McCartney, Valentino"
200,GRACE,"Armadale, Australia","3.1 Phillip Lim, Balmain, Bella Freud, Cecilie Copenhagen, Frame Denim, Laurence Dacade, MSGM, Maison Michel, Marco de Vincenzo, Preen, Proenza Schouler, Sea New York, Yves Salomon"
201,GRETTA LUXE,"Wellesley, United States","Barbara Bui, Chloé, Marc Jacobs, Michael Kors, Proenza Schouler, Stella McCartney, Yigal Azrouel and 3.1 Phillip Lim"
202,GRIFO,"Ischia, Italy","Aquazzura, Dolce & Gabbana, Givenchy, Maison Margiela, Marni, Off-White, Rick Owens, Saint Laurent"
203,GSCHWANTLER,"Kirchberg, Austria","3.1 Phillip Lim, Avant Toi, Chiara Ferragni, Kenzo, Salvatore Santoro"
204,H. LORENZO,"Los Angeles, United States","Ann Demeulemeester, Damir Doma, Julius"
205,H.V.N.,"London, United Kingdom","Alexandra Llewellyn to name but a few., Audemars Piguet, Hermès, Panerai, Patek Philippe, Richard Mille, Rolex"
206,HANNOVER 1998,"Valencia, Spain","Brunello Cucinelli, Canalli, Fay, Hackett, Hogan, Incotex, Jacob Cohën, Loro Piana, Moncler, Orlebar Brown"
207,HARVEY NICHOLS,"Northampton, United Kingdom","Alexander McQueen, Gucci, Off White, Saint Laurent, Stella McCartney"
208,HEAT,"Rotherham, United Kingdom","Aya Muse., Billionaire Boys Club, Casablanca, Coperni, Greg Lauren, Judy Turner, Maisie Willen, Miaou, Nanushka, Phipps, Soulland, The Elder Statesman, Wales Bonner"
209,HEAVEN,"Budapest, Hungary","Alexander Wang, Balenciaga, Chloé, Céline, Dolce Gabbana, Dsquared2, Givenchy, Kenzo, Off-White, Rick Owens, Saint Laurent, Stella McCartney, Stone Island, Valentino"
210,HELME,"Catania, Italy","Antonio Marras, Dolce & Gabbana, Fendi, Georg Jensen, Hogan, Lanvin, Michael Kors, Moncler, Mooi, Oscar de la Renta, Peter Pilotto, Pinko, Sofie D'hoore, Tory Burch, Ungaro"
211,HENRIK VIBSKOV,"Copenhagen, Denmark","A. Roge Hove, Adidas x Wales Bonner, BAO BAO Issey Miyake, Comme des Garçons Girl, Comme des Garçons Play, Comme des Garçons Wallet, Henrik Vibskov, Homme Plissé Issey Miyake, Kinraden, Maison Margiela, Pleats Please Issey Miyake, Rick Owens x DRKSHW, Rombaut, Viktor & Rolf, Y-3, Yume Yume"
212,HENRIK VIBSKOV BOUTIQUE NYC,"New York, United States","Anntian, Bernhard Willhelm, Bless, Comme des Garcons Converse, Comme des Garcons Play, Comme des garcons Perfume, Grey Ant, Henrik Vibskov, House of the Very Island's, Unridden, Vibe Harslof, Walter Van Beirendonck"
213,HERALDI,"Zagreb, Croatia","Church’s, Jil Sander, Joseph, Paul Smith, Preen by Thornton Bregazzi, Proenza Schouler, Rochas, Tabitha Simmons, Victoria Victoria Beckham"
214,HIONIDIS,"Thessaloniki, Greece","Balenciaga, Comme des Garcons, Dgnak, Dsquared, Givenchy, Kenzo, Off-white, Palm Angels, Rick owens, Saint laurent, Stone island, Valentino"
215,HIRSHLEIFERS,"Manhasset, United States","3.1 Phillip Lim, AR, Alexander McQueen, Alexander Wang, Avant Toi, Band of Outsiders, Charlotte Olympia, Frank & Eileen, Givenchy, Lanvin, Libertine, Loewe, Lucien Pellet Finet, Maison Margiela, Moncler, Proenza Schouler, R13, Sacai, Saint Laurent, Stella McCartney, The Elder Statesman, The Row, Thom Browne"
216,HOPEN,"Cerasolo, Italy","A.P.C, Ami Paris, CDG Play, Dries Van Noten, Ganni, Isabel Marant, Lemaire, MM6 Maison Margiela, Martine Rose, Needles, Paloma Wool, Rick Owens, Sporty & Rich."
217,HTOWN,"London, United Kingdom","AGR, Ahluwalia, Aries, Dion Lee, ERL, Eckhaus Latta, JW Anderson, Martine Rose, Saul Nash, Spencer Badu, Y/Project"
218,HUESKEN,"Bielefeld, Germany","Agnona, Brunello Cucinelli, Carven, Chloé, Diane von Furstenberg, Etro, Fabiana Filippi, Giorgio Armani, IRO, Jimmy Choo, Lanvin, MSGM, MaxMara, Missoni, Moncler, Odeeh, Talbot Runhof, Tory Burch, Valentino"
219,HULA,"Quarry Bay, Hong Kong SAR","Alaïa, Alexander McQueen, Balenciaga, Celine, Chanel, Chloé, Christian Dior, Christian Louboutin, Gucci, Hèrmes, Louis Vuitton, Saint Laurent, Stella McCartney, Valentino."
220,IAMNUE,"La Coruña, Spain","APC, Acne Studios, Ami, Aries, Casablanca, Comme Des Gracons, Lanvin, Lemaire, Marine Serre, Marni, Our Legacy, Stone Island"
221,ICON,"Salzburg, Austria","Balmain, Christopher Kane, Coach, Dolce & Gabbana, Etro, Gucci, Lanvin, MCM, Salvatore Ferragamo, Tom Ford"
222,ID CONCEPT STORE,"Split, Croatia","Aeyde, Anine Bing, Baum Und Pferdgarten, Frame, Ganni, Gia Borghini, MSGM, Nanushka., Raiine, ReDone, Rotate, Tol Eyewear, Veja"
223,IDRISI,"Bilbao, Spain","Dsquared², Givenchy, Jil Sander, Lanvin, Philipp Plein, Rick Owens, Valentino, Y3 Yohji Yamamoto"
224,IL DUOMO,"Novara, Italy","Alaïa, Balenciaga, Berluti, Bottega Veneta, Chloé, Dior, Gianvito Rossi, Givenchy, Gucci, Jacquemus, Jil Sander, Loewe, Maison Margiela, Manolo Blahnik, Mastermind Japan, Prada, Saint Laurent, The Row, Tom Ford, Valentino, Vetements"
225,IL FARO,"Avellino, Italy","AMI, DSQUARED2, Eleventy, Givenchy, Golden Goose Deluxe Brand, Lanvin, Marcelo Burlon County of Milan, McQ Alexander McQueen, Moncler, Neil Barrett, Off-White, Palm Angels, Saint Laurent, Stone Island, Valentino, Valentino Garavani"
226,IL SELLAIO,"Casatenovo, Italy","Aquazzurra, Celine, Chloè, Cycle, Dries Van Noten, Etoile Isabel Marant, Golden Goose, Herno, Kenzo, Loewe, MSGM, Marni., Max Mara, Moncler, Pinko, See by Chloè, Stella McCartney"
227,IMPACT MOOD,"Milan, Italy","1017 ALYX SM, A.P.C., AMI PARIS, DSQUARED2, ETRO, GANNI, ISABEL MARANT, ISABEL MARANT ETOILE, JW ANDERSON, MAISON MARGIELA, MARNI, THOM BROWNE"
228,IN-CON-TRO,"Trento, Italy","Acne Studios, Closed, Ganni, Golden Goose, Heron Preston, Kurt Geiger, MM6, Off White, Sofie d’Hoore., Stone Island"
229,INCA77,"Eindhoven, Netherlands","ALYX, AMIR, Acne Studios, Adidas., MISBHV, Marine Serre, Martine Rose, Off White, Ottolinger, Raf Simons, Reese Cooper, Rick Owens, Saks Potts"
230,INCROCIO,"Athens, Greece","Barba Napoli, Boglioli, Canada Goose, Canali, Corneliani, Dsquared2, Herno, Isaia, Jacob Cohen, Orlebar Brown, Polo Ralph Lauren, Santoni, Vilebrequin"
231,INDICE,"Brescia, Italy","Ambush, Anna Karin Karlsson, Cazal, Céline, Frency & Mercury, Jacques Marie Mage, Kuboraum, Matsuda, Moscot, Retrosuperfuture, Roberi and Fraud, Victoria Beckham, Yohji Yamamoto"
232,INSIGHT,"Rome, Italy","Ambush, Balmain, Brunello Cucinelli, Burberry, Canada Goose, Church's, DSquared2, Dries Van Noten, Golden Goose, Heron Preston, Jil Sander, Kenzo, Lanvin, MSGM, Maison Kitsune, Maison Margiela, Marni, Max Mara, Missoni, Moschino, Mother, Nanuska, Off-white, Palm Angels, Philip Plein, Phillip Lim, Red Valentino, Rick Owens, Self-portrait, Sergio Rossi, Sophia Webster, Stone Island, Stuart Weitzman, Thom Browne, Tod's, Tory Burch, Victoria Beckham, Zimmermann."
233,INTERVISTA,"Thessaloniki, Greece","Armani, Dsquared, Etro, Herno, Hugo Boss, Jil Sander, Lanvin, M Missoni, Moncler, Plein Sport, Valentino"
234,ISOLDA BR,"São Paulo, Brazil",0
235,ITALIANI,"Pescara, Italy","Dolce & Gabbana, Dsquared², Fendi, Giorgio Armani, Givenchy, Haider Ackermann, Kenzo, Lanvin, Maison Margiela, Marsèll, Moncler, Off White, Rick Owens, Sacai, Saint Laurent"
236,JADE,"Ravenna, Italy","3.1 Phillip Lim, Alexander Wang, Balmain, Carven, Chloé, Dsquared2, Emilio Pucci, Faith Connexion, Kenzo, Maison Margiela, Moschino, Red Valentino, Rochas"
237,JANES,"Braga, Portugal","Dsqaured², Ermenegildo Zegna, Etro, Marc by Marc Jacobs, Moncler"
238,JEAN PIERRE BUA,"Barcelona, Spain","Chloé, Dries Van Noten, Dsquared2, Emanuel Ungaro, Erika Cavallini, Faith Connexion, Junya Watanabe, Les Hommes, Lost & Found, MSGM, Marc Jacobs, Marni, Y-3, Zuhair Murad"
239,JENNIFER GIBSON,"Wilmslow, United Kingdom","Chanel, Christian Lacroix, Dior, Givenchy, Kenneth Lane, Philippe Ferrandis, Saint Laurent, Versace"
240,JESUS,"Ourense, Spain","Canali, DSquared2, Dolce & Gabbana, Etro, Lanvin, Moncler, Moncler Gamme Bleu."
241,JEWELLERY ATELIER,"Limassol, Cyprus","Chopard, De Grisogono, Elise Dray, Garrard, Gavello, Gemco, Gems n'Crafts, Harry Winston, Loree Rodkin, Lydia Courteille, Natasha Zinco, Nikos Koulis, Stephen Webster, Very Gavello"
242,JOFRE,"Reus, Spain","Givenchy, Golden Goose, Helmut Lang, Marc Jacobs, Moncler, Nina Ricci, Roberto Del Carlo, Saint Laurent, Tory Burch, Victoria Beckham"
243,JULIAN FASHION,"Savio, Italy","Ann Demeulemeester, Balmain, Comme des Garçons, Dolce & Gabbana, Emilio Pucci, Fausto Puglisi, Giuseppe Zanotti, Haider Ackermann, Junya Watanabe, Michael Kors, Missoni, Moschino, Philippe Model, Proenza Schouler, Rick Owens, Roland Mouret, Sergio Rossi, Stella McCartney, The Row"
244,JULIANNE,"Port Washington, United States","Belstaff, Carolina Herrera, J.Mendel, Jason Wu, Kaufmanfranco, Lanvin, Mary Katrantzou, Monique Lhuillier, N. 21, Nina Ricci, Rick Owens, Saint Laurent, Thom Browne"
245,JUNIOR COUTURE,"Dubai, U.A.E.","Aigner, Alviero Martini, Balmain, Boss, Calvin Klein, Chloe, DKNY, Emilio Pucci, Karl Lagerfeld, Kenzo, Moschino Kids, The Marc Jacobs, Tommy Hilfiger"
246,KASURI,"Hudson, United States","Ann Demeulemeester, Cinzia Araia, Comme des Garçons, Issey Miyake, Issey Miyake Kristen Hanson, Jeremy Scott, Junya Watanabe, Linda Farrow, Lost & Found, Mykita, Rick Owens, Vivienne Westwood, Yohji Yamamoto"
247,KATHELEYS VINTAGE,"Verviers, Belgium","Chanel Vintage, Dior Vintage, Hermès Vintage, YSL Vintage, special pieces of high quality."
248,KERSHKICKS,"Manchester, United Kingdom","Fear of God Essentials, Jordan, New Balance, Nike, Nike SB, Off-White, Sacai, Travis Scott, Yeezy"
249,KETY PANIAGUA,"Madrid, Spain","Balmain, Emmanuelle Ungaro, Ermanno Scervino, Giambattista Valli, Moschino, Roberto Cavalli, Valentino"
250,KIRCHHOFER,"Interlaken, Switzerland","Bally, Bottega Veneta, Coach, Gucci, Montblanc, Salvatore Ferragamo, Tory Burch"
251,KIRNA ZABÊTE,"New York, United States","Adam Lippes, Bottega Veneta, Elder Statesman, Golden Goose, Gucci, Johanna Ortiz, Khaite, La DoubleJ, Loewe, Nili Lotan, Sacai, Saint Laurent, Silvia Tcherassi, Tibi, Zimmermann."
252,KOKON TO ZAI,"London, United Kingdom","Bernhard Willhelm, Gosha Rubchinskiy, KTZ, MP, Mad et Len, Rick Owens, Seletti"
253,KULT BOUTIQUE,"Limassol, Cyprus","Dolce & Gabbana, Etro, Givenchy, Gucci, Jimmy Choo, Maison Kitsuné, Miu Miu, Moncler, Prada, The Attico, Thom Browne, Victoria Beckham, Zegna"
254,L'ECLAIREUR,"Chennevières sur Marne, France","Ann Demeulemeester, Comme des Garçons, Gucci, Isaac Sellam, Maison Margiela, Monse, Natasha Zinko, Yohji Yamamoto"
255,L'ESPIONNE,"Paris, France","Ashish, Balmain, Dsquared², Givenchy, Kenzo, Lanvin, Moncler, Moschino, Off White, Rick Owens, Saint Laurent, Stella McCartney, Zanotti"
256,L’ESTHÈTE,"Lille, France","Alexander McQueen, Burberry, Givenchy, Kenzo, Moncler, Off-White, Palm Angels., Saint Laurent, Stone Island, Versace"
257,LA COMERCIAL,"Barcelona, Spain","Daniele Alessandrini, Essentiel, Isabel Marant étoilem, Karl Lagerfeld, Limitato, M Misonni, MM6, Paul Smith, Red Valentino, Versace Jeans Couture, john richmond"
258,LA FABRIC SHOP,"Nice, France","A-COLD-WALL, A.P.C., AMI PARIS, CARHARTT WIP, COMME DES GARCONS SHIRT, JW ANDERSON, MAISON KITSUNÉ, MAISON MARGIELA, MARNI, NEW BALANCE, OUR LEGACY, SUICOKE"
259,LA POMA LA PERA,"GIRON, Spain","Dsquared2, Emporio Armani, Herno, Karl Lagerfeld, Kenzo, Love Moschino, Michael Kors, Plein Sport, Premiata, Ugg, Versace Jeans"
260,LA VOLPE ROSSA,"Pisa, Italy","Bobo Choses, DSQUARED2, Diesel, Dolce & Gabbana, Ermano Scervino, Golden Goose Deluxe Brand, Herno, Il Gufo, MSGM, Moncler, N°21"
261,LABEL CLOTHING,"Nuneaton, United Kingdom","AMI, Balmain, DSquared2, Giuseppe Zanotti, Kenzo, Marcelo Burlon, Moncler, Neil Barrett, Off White, Palm Angels, Philipp Plein, Rick Owens, Stone Island, Versace, Yeezy"
262,LABELS,"Sittard, Netherlands","Boris Bidjan Saberi, Buscemi, Comme Des Garcons, Fear Of God, Gosha Rubchinskiy, Haider Ackermann, Isabel Marant, Juun.J, Loewe, Moncler, Off White, Raf Simons, Y-3 Yohji Yamamoto"
263,LAPIN HOUSE,"Kifissia, Greece","DSquarde2, Diesel, Moncler, Polo Ralph Lauren"
264,LARIZIA,"Leeds, United Kingdom","Alexander McQueen, Balenciaga, Isabel Marant and Ganni., Saint Laurent, Stella McCartney, The Attico"
265,LATTUADA,"Milan, Italy","Alberta Ferretti, Erika Cavallini, Golden Goose; Vivetta, Jil Sander, MSGM, Marni, Mary Katrantzou, Missoni; Max Mara, Opening Ceremony, Red Valentino, Sacai, Stella Jean, Stella McCartney, Versus Versace, Victoria Beckham, forte forte"
266,LAUFSTEG,"Augsburg, Germany","AMI, Amiri, Balenciaga, DSquared2, Givenchy, Golden Goose Deluxe Brand, Maison Margiela, Moncler, Neil Barrett, Off-White, Paul Smith, Saint Laurent, Stone Island, Y-3"
267,LAYERS,"London, United Kingdom","Balmain, DRKSHDW and Lilies by Rick Owens, Damir Doma, Devoa, Gareth Pugh, Guidi, Helmut Lang, Isaac Sellam, Jean Paul Gaultier"
268,LE 22 LUNETIER,"Paris, France","Garett Leigh, Jacques Marie Mages, John Dalia, Oliver Peoples, Victoria Beckham"
269,LE BLOCK BY SOLIS,"Lyon, France","AMI Paris, Attachment, Comme Des Garcons Parfums, Comme Des Garcons Play, Comme Des Garcons Shirt, Comme Des Garcons Wallets, Homme Plisse, Issey Miyake, Maison Martin Margiela, Maison Mihara Yasuhiro, Sacai, Undercover, Y-3"
270,LE GRAY BOUTIQUE,"Riyadh, Saudi Arabia","Acne Studios, Alexander Wang, Ami Paris, Amiri, Attico, Dris Van Noten, Dsquard2, Golden Goose, Greg Lauren, Heron Preston, Maison Margiela, Neil Barret, Off-White, Palm Angels, Raf Simons, Rick Owens, Sacai, Y-3"
271,LE LUNETIER MILANO,"Milan, Italy","Barton Perreira, Christian Roth, Epos, Eyepetizer, Illesteva, Kyme, LGR, Lindberg, Maison Margiela, Mykita, Snob Milano, So.Ya, Super by Retrosuperfuture"
272,LE NOIR,"Conegliano, Italy","Alaia, Balenciaga, Balmain, Capannolo, Chloé, Christian Louboutin, Golden Goose, Gucci, Lanvin, MSGM, Marc Jacobs, Saint Laurent, Valentino"
273,LE PRESENT,"GIRON, Spain","Acne Studios, Balenciaga, Bottega Veneta, Brunello Cucinelli, Celine, Chloé, Dior, Dolce & Gabbana, Kiton, Off-White, Rochas, Saint Laurent, Valentino, Yves Salomon"
274,LE9,"Perpignan, France","Alexander McQueen, Ami Paris, Autry, Balenciaga, Burberry, CP Company, Casablanca Paris, Dsquared2, ERL, Golden Goose, Isabel Marant, Kenzo, Maison Margiela, Moncler, Off-White, Rhude, Stone island"
275,LEAM,"Rome, Italy","Alexander Wang, Balmain, Dolce & Gabbana, Emanuel Ungaro, Fendi, Giuseppe Zanotti, Golden Goose Deluxe, Marcelo Burlon, Mary Katrantzou, Moncler Gamme Bleu, Proenza Schouler, Roberto Cavalli, Saint Laurent, Stella Jean, Stella McCartney, Valentino Garavani"
276,LEIDMANN,"Munich, Germany","Anna Karin Karlsson, Chrome Hearts, DITA, Linda Farrow, MYKITA, Onono, Ralph Vaessen, Thom Browne"
277,LEIGH'S,"Grand Rapids, United States","Alexander McQueen, Aquazzura, Barbara Bui, Carven, Cinq a Sept, Co, MSGM, Nili Lotan, Proenza Schouler, Raquel Allegra, Stella McCartney"
278,LEISURE CENTER,"Vancouver, Canada","Amiri, Ann Demeulemeester, Balenciaga, Comme des Garçons, Comme des Garçons Homme Plus, Guidi, Heron Preston, Loewe, Maison Margiela, Palm Angels, Rick Owens, Yohji Yamamoto, Zimmermann"
279,LEONI,"Forli, Italy","Alanui, Autry, Balmain, Dsquared2, ETRO, Golden Goose, Jimmy Choo, Marc Jacobs, Marni, Max Mara, Moncler, Proenza Schouler, The Attico, Versace"
280,LES MARKET,"Stockholm, Sweden","Adidas SLVR, Alexander Wang, Avelon, Damir Doma, Damir Doma-Silent, Henrik Vibskov, Iro, J Dauphin, Kris Van Assche, Local Firm, Minimarket, Odeur, Rick Owens, Rick Owens-DRKSHDW, Rodebjer, T By Alexander Wang, V Ave Shoe Repair, Yvonne Kone"
281,LEVEL SHOES,"Dubai, U.A.E.","Adidas, Alexander McQueen, Amina Muaddi, Aquazzura, Balenciaga, Bottega Veneta, Burberry, By Far, Chanel, Christian Dior, Common Projects, Gucci, Jacquemus, Louis Vuitton, Malone Souliers, Nike, Prada"
282,LIDIA SHOPPING,"Rodigo, Italy","Burberry, Celine, Dolce & Gabbana, Dsquared2, Giorgio Armani, Givenchy, Gucci, Kenzo, Moncler, Moschino, Off-White, Salvatore Ferragamo, Versace"
283,LINDA MENDES,"Guimaraes, Portugal","Agnona, Alexander MCQueen, Anya Hindmarch, Brian Atwood, Casadei, Chloé, Christopher Kane and Tods ., Dolce&Gabbana, Dsquared2, Emilio Pucci, Fendi, Givenchy, Hogan, Kenzo, Lanvin, Maison Michel, Nicholas Kirkwood, Pierre Hardy, Proenza Schouler, Saint Laurent, Sergio Rossi, Sophia Webster, Stouls Paris, Tory Burch, Versace, Victoria Beckham"
284,LINDNER FASHION,"Dortmund, Germany","Acne Studios, American Vintage, Carven, Current/Elliott, DVF Diane Von Furstenberg, Helmut Lang, Jerome Dreyfuss, Kenzo, MSGM, Missoni, Philippe Model"
285,LINEA ITALIANA,"Arosio, Italy","ALEXACHUNG, Alberta Ferretti, Alexandre Vauthier, Brunello Cucinelli, Charlotte Olympia, Equipment, Helmut Lang, J Brand, Jimmy Choo, Max Mara, Philosophy, Theory, adidas by Stella McCartney"
286,LISKA,"Vienna, Austria","Adam Jones, Alexander McQueen, Antonio Marras, Fendi, Givenchy, Petar Petrov, Saint Laurent, Salvatore Ferragamo, Valentino"
287,LM BAMBINI,"Sydney, Australia","Dolce & Gabbana Kids, Kenzo Kids, Stella McCartney, Sunuva, Valmax Kids, Velveteen"
288,LN-CC,"Piacenza, Italy","Aiezen, Ermenegildo Zegna, Hannah Jinkins, Lanvin, Marni, Raf Simons, Rick Owens, Saint Laurent, Telfar, The Autonomous Collections, Valentino, Yang Li"
289,LOPEZ,"Las Palmas, Spain - Canary Islands","Casadei, Cult Gaia, Just Cavalli, Karl Lagerfeld, Kenzo, Missoni, Moschino Boutique, Pedro García, Roberto Cavalli, Schutz, See by Chloé, Stuart Weitzman, Y-3"
290,LORENZETTI,"Madonna di Campiglio, Italy","Bottega Veneta, Brunello Cucinelli, Burberry, Christian Dior, Dolce Gabbana, Gianvito Rossi, Gucci, Moncler, Prada, Saint Laurent, Stella Mc Cartney, Tod's, Versace"
291,LOSCHI,"Treviso, Italy","Alexander McQqueen, Balenciaga, Balmain, Bottega Veneta, Bulgari, Celine, Chloé, Church's, Courreges, Dolce & Gabbana, Dsquared2, Emilio Pucci, Ermanno Scervino, Fendi, Givenchy, Gucci, Isabel Marant, Jimmy Choo, Kenzo, Miu Miu, Moncler, Off-White, Prada, Proenza Schouler, Stella McCartney, Tom Ford, Valentino, Versace"
292,LOTHAIRE,"Bordeaux, France","Balenciaga, Brunello Cucinelli, Corneliani, Dsquared2, Golden Goose, Kenzo, Lardini, Moncler, Saint Laurent, Valentino"
293,LOWET,"Bilzen, Belgium","Brioni, Brunello Cucinelli, Canali, Etro, Fabiana Filippi, Hogan Missoni Home., Jacob Cohen, Missoni, Santoni, Tod's"
294,LTD EDITION,"Porto, Portugal","Alexander McQueen, Bally, Balmain, Elie Saab, Giorgio Armani, Giuseppe Zanotti, Jil Sander, Lily Kamper, Rosantica, Salvatore Ferragamo, Valentino, Vita Fede"
295,LUCIANA,"Bari, Italy","Alexander Wang, Brunello Cucinelli, Jil Sander, Marc Jacobs, Michael Kors, Proenza Schouler., Tory Burch"
296,LUDIVINE,"New York, United States","Auralee, Emilia Wickstead, Gabriela Hearst, Giuliva Heritage, Ines et Marechal, Loretta Caponi, Maison Michel, Massimo Alba, Officine Génèrale., R13, Sir the label, Spencer Vladimir, The Elder Statesman"
297,LUIGI LOVES LUISA,"Limassol, Cyprus","7 For All Mankind, Brioni, Canada Goose, Corneliani, Emporio Armani, Hackett, Kiton, Pal Zileri, Paul Smith, Santoni, Tom Ford, Zadig & Voltaire"
298,LUISA WORLD,"Athens, Greece","Alexander McQueen, Balmain, Chloé, Emilio Pucci, Etro, Givenchy, Isabel Marant, Lanvin, Missoni, Moncler, Saint Laurent, Valentino"
299,LUUKS,"Amsterdam, Netherlands","A.F. Vandevorst, Faliero Sarti, Fiorentini + Baker, Free Lance, Maison Margiela, NDC made by hand, Numéro 10, Officine Creative, Premiata, Reinhard Planck, Roberto del Carlo, Rocco P, Sartore and Marsell"
300,The Bank,"London, United Kingdom","Antonio Berardi, Carven, Emilio Pucci, Ermanno Scervino, Guiseppe Zanotti Design, Hogan, Joseph, Michael Kors, Number 21, Paul Andrew, Plein Sud, Rochas, Tods, Yves Salomon"
301,THE BUSINESS FASHION,"Leicester, United Kingdom","Alexander McQueen, Balmain, Burberry, Givenchy, Jil Sander, Lanvin, Moncler, Rick Owens, Saint Laurent, Valentino, Versace, Yohji Yamamoto"
302,THE LISTENER,"Frankfurt, Germany","3.1 Phillip Lim, 424, Adidas x Alexander Wang, Comme des Garcons, Common Projects, Helmut Lang, Kenzo, Lemaire, Stone Island, Undercover, Visvim, Y-3"
303,THE MINT COMPANY,"Maspalomas, Spain - Canary Islands","Burberry, Canada Goose, Dsquared, Etro, Herno, Jimmy Choo, Kenzo, Moncler, Mulberry, Stella McCartney, Store Island, Versace, Yves Saint Laurent"
304,THE PLACE LONDON,"London, United Kingdom","Alice Archer, Herno, Ioanna Solea, Laurence Dacade, Mii, New Man, Pierre Louis Mascia, Repetto And Sofie D'Hoore., Saloni, Stouls, Ulla Johnson, Yves Salomon"
305,The Square Berlin,"Berlin, Germany","Alexander McQueen, Alexander Wang, Givenchy, Haider Ackermann, Isabel Marant, Kenzo, Lanvin, Moschino, Rick Owen, Saint Laurent, Stella McCartney, Valentino"
306,THE WEBSTER,"Miami Beach, United States","Attico, Balmain, Chloé, Givenchy, Haider Ackerman, J.W Anderson, Julien David, Junya Watanabe, Maison Margiela, Moncler, OAMC, Off-White, Pierre Hardy, Raf Simons, Saint Laurent, Sonia Rykiel, Thom Browne"
307,THECORNER.COM BIARRITZ,"Biarritz, France","ALEXANDER MCQUEEN, ALEXANDER WANG, BALMAIN, FENDI, GUCCI, KENZO, MAISON MARGIELA, MONCLER, SELF-PORTRAIT, STELLA MCCARTNEY, STONE ISLAND, THOM BROWNE, VALENTINO GARAVANI, ZIMMERMANN."
308,TIMINIS,"Limassol, Cyprus","Boss, Burberry, Camilla, Canali, Cult Gaia, Dsquared2, Herno, Hogan, Iceberg, Kenzo, MSGM, Paul & Shark, Polo Ralph Lauren"
309,TNT,"Toronto, Canada","3.1 Phillip Lim, Balmain, Brunello Cucinelli, Chloé, Comme des Garçons, Golden Goose Deluxe Brand, Isabel Marant, Kenzo, R13, The Row, Y’s"
310,MALTEMPI,"Castelleone, Italy","Alexander McQueen, Bottega Veneta, Brunello Cuccinelli, Burberry, Celine, Givenchy, Golden Goose Deluxe Brand, Jimmy Choo, Loro Piana, Saint Laurent"
311,MANCINI JUNIOR,"Bellizzi, Italy","Diesel, Dolce & Gabbana, Dondup, Dsquared2, Fay, Fendi, Gucci, Herno, MSGM, Moncler, Moschino, Paolo Pecora, Stella McCartney"
312,MANTOVANI,"San Giovanni Valdarno, Italy","Alexander McQueen, Brunello Cucinelli, Chloè, Comme des Garçon, Dolce & Gabbana, Givenchy, Kenzo, Lanvin, Marc Jacobs, Mary Katrantzou, Michael Kors, Moncler, Saint Laurent, Thom Browne, Valentino"
313,MARA CONCEPT STORE,"Avellino, Italy","Bonpoint, Burberry, Dondup, Dsquared, Fay, Gcds, Givenchy, Golden Goose, Marcelo Burlon, Moncler, Philosophy, Stone Island., k-way, msgm"
314,MARAIS,"Melbourne, Australia","Alexander McQueen, Alyx, Amiri, Balenciaga, Balmain, Celine, Givenchy, Heron Preston, Loewe, Maison Margiela, Mastermind, Off White, Palm Angels, Rick Owens"
315,MARANDINO,"Karlsruhe, Germany","AMI PARIS, ANINE BING, AUTRY, Alemais, Courrèges, Dsquared2, Ganni, Golden Goose, Isabel Marant, JW Anderson, Marni, Max Mara, Vince"
316,MARCOS,"Mondovì, Italy","Brunello Cucinelli, Burberry, DSquared2, Dolce & Gabbana, Golden Goose, Kenzo, Max Mara, Moncler, Moschino, Off-white, Salvatore Ferragamo, Stone Island, Thom Browne."
317,MARFRANC,"Platja d'Aro, Spain","Aspesi, Autry, CP Company, Dsquared2, Emporio Armani, Herno, KENZO, MM6 Maison Margiela, MSGM, Moschino Couture, Paul&Shark, Stone Island"
318,MARIA STORE,"Zagreb, Croatia","Asherali Knopfer, Chloé, Givenchy, Gucci, I.V.I., Linda Farrow, Loewe, Maison Michele, Moncler, Saint Laurent, Stella McCartney, Valentino, Vita Kin"
319,MARIO D'ANNA KIDS,"Caserta, Italy","Bonpoint, Burberry, Chloe, DSQUARED2, Dolce & Gabbana, Fay, Givenchy, Golden Goose Deluxe Brand, Gucci, Herno, MSGM, Marcelo Burlon, Moncler"
320,MARIO D'ANNA LUXURY,"Caserta, Italy","Balmain, Dsquared2, GCDS, Gucci, Heron Preston, Lanvin, Maison Margiela, Moschino, N°21, Off-White, Palm Angels, Philosophy, Rick Owens"
321,MARIO D'ANNA YOUNG,"Caserta, Italy","Balmain, Dsquared2, GCDS, Gucci, Heron Preston, Lanvin, Maison Margiela, Moschino, N°21, Off-White, Palm Angels, Philosophy, Rick Owens"
322,MARISSA COLLECTIONS,"Naples, United States","Balmain, Brunello Cucinelli, Cult Gaia, Dolce & Gabbana, Foundrae, Gigi Clozeau, Givenchy, Golden Goose, Irene Neuwirth, Orlebar Brown, RedLine, Sylva & Cie and more!"
323,MARKARIDE,"Sevilla, Spain","Balmain, Bao Bao, Canada Goose, DSquared2, Giuseppe Zanotti, Golden Goose, Heron Preston, Homme Plisse, Kenzo, M de Missoni., MM6 Maison Margiela, Moschino Couture, Palm Angels, Philipp Plein, Rick Owens, Stone Island"
324,MARTY,"Prato, Italy","Ann Demeulemeester, Comme des Garçons, Dolce & Gabbana, Givenchy, Junya Watanabe, Lanvin, MSGM, Maison Margiela, Marni, Rick Owens, Stone Island"
325,MAX-B,"Vigo, Spain","Chloé, Etro, Fendi, Isabel Marant, Lanvin, Loewe, Marni, Moncler, Stella McCartney, Valentino"
326,Maxim The 34,"Rimini, Italy","424, Ambush, Calvin Klein Jeans Est. 1978, Dries Van Noten, Eckhaus Latta, GCDS, GmbH, Marques Almeida, Needles, Our Legacy, Suicoke, Telfar Global, Versace, Wacko Maria"
327,MAYSONS,"Bedford, United Kingdom","Dsquared2, Giuseppe Zanotti, Kenzo, Moose Knuckles, Neil Barrett, Stone Island, Versace Jeans Couture"
328,MAYURKA,"Ibiza, Spain","3.1 Phillip Lim, Diane Von Furstenberg, Etro, Gianvito Rossi, Guiseppe Zanotti, Isabel Marant, Missoni, Stella McCartney, Valentino"
329,MDE,"Rome, Italy","ALEXANDRE VAUTHIER, ERMENEGILDO ZEGNA, LANVIN, LEMAIRE, MM6 MAISON MARGIELA, PROENZA SCHOULER, R13, READYMADE., RICK OWENS, YOHJI YAMAMOTO, ZIGGY CHEN"
330,MEDITERRANEO,"La Spezia, Italy","Alexander McQueen, Balmain, Dsquared2, Fendi, Givenchy, Golden Goose Deluxe Brand, Jimmy Choo, Kenzo, Marcelo Burlon, Moschino, Off White, Palm Angels, Stella McCartney, Valentino, Y-3"
331,MEDITERRANEO KIDS,"La Spezia, Italy","Burberry, Chloè, Dolce & Gabbana, Fendi, Gucci, Kenzo, Lanvin, Marcelo Burlon, Moncler, Philipp Plein, Stella McCartney, Versace, Vivetta"
332,MEGUSTA,"Utrecht, Netherlands","11 by Boris Bidjan Saberi, ALYX, Alexander Wang, Comme des Garcons Play, Faith Connexion, Hood by Air, J brand, Kenzo, MISBHV, Marcelo Burlon, Off-white, Palm Angels, Rick Owens, Rick Owens X Adidas, Unravel Project, Y-3, Y/Project"
333,MENGOTTI,"Bucharest, Romania","Dsquared², Etro, Fendi, Michael Kors, Moncler, Neil Barrett, Saint Laurent"
334,MICHAEL MEYER KAMPEN,"Kampen, Germany","Bottega Veneta, Chloé, Fendi, Givenchy, Moncler, Saint Laurent, Stella McCartney"
335,MICHAEL MEYER KITZBUEHEL,"Kitzbuhel, Austria","Burberry, Celine, Chloe, DSquared2, Dior, Dolcegabbana, Ganni, Givenchy, Loewe, Valentino, Zimmermann"
336,MICHAEL MEYER KLEVE,"Kleve, Germany","Gucci, Juvia, Luisa Cerano, Prada"
337,MICHELE FRANZESE,"Sant'Anastasia, Italy","Alexander McQueen, Amina Muaddi, Balmain Paris, Burberry, Dsquared2., Etro, Givenchy, Maison Margiela, Off-White, Saint Laurent, Stone Island, Thom Browne, Tom Ford"
338,MIMMA NINNI,"Bari, Italy","Antonio Marras, Burberry, Christopher Kane, Courrèges, Edun, Giambattista Valli, Halston, Jay Ahr, Jonathan Saunders, Junya Watanabe, Marchesa, Milly, Notify, Opening Ceremony, Oscar de la Renta, Paule Ka, Rick Owens, Roland Mouret, Simonetta Ravizza, Sylvie Schimmel, The Row, Walter Voulaz"
339,MINETTI,"Casale Monferrato, Italy","Brunello Cucinelli, Burberry, Dolce & Gabbana, Fendi, Givenchy, Jil Sander, Saint Laurent, Stella Mccartney, Thom Browne, Tom Ford, Valentino, Versace."
340,MINI,"Madrid, Spain","A.P.C, AMI by Alexandre Mattiussi, CMMN-SWDN, Comme des Garçons Shirt, Engineered Garments, Gosha Rubchinskyi, Maison Kitsune, Maison Margiela, Our Legacy, SNS-Herning"
341,MINOX BOUTIQUE,"Oxford, United Kingdom","ACNE Studios, Bally, Fornasetti, GGDB, GUIDI, JW Anderson, Jil Sander, Marni, MaxMara, Moschino, Rene Caovilla, Stuart Weitzman, Thom Browne"
342,MISS BABY ASSELTA,"Bari, Italy","Burberry Kids, Chloé Kids, Dolce & Gabbana Kids, Fay Kids, Golden Goose Deluxe Brand Kids, Herno Kids, Il Gufo, K-Way Kids, Marcelo Burlon County of Milan Kids, Moncler Kids, Moschino Kids, Ralph Lauren Kids"
343,MODA IN,"Chiasso, Switzerland","Burberry, Chloé, Golden Goose Deluxe Brand, Herno, Isabel Marant, Moncler, Moncler Gamme Rouge, Parosh, Saint Laurent, Theory, Tory Burch, Valentino, Zanellato"
344,MODA404,"Atlanta, United States","Anthony Peto, Antony Morato, Artistix, Daniel Patrick, Diesel, Gods Masterful Children, Golden Denim, Haculla, Iceberg, Kollar, MHRS, Moschino, Profound, Rockstar Jeans, Ron Tomson, Serenede, Vivienne Westwood"
345,MODE DE VUE,"Paris, France","Courreges Vintage, Cutler & Gross, Linda Farrow"
346,MODE MIGNON,"Lucca, Italy","Balenciaga, Burberry, Celine, Chloè, Dolce & Gabbana, Fendi, Givenchy, Gucci, Loewe, Max Mara., Miu Miu, Prada, Stella Mc Cartney"
347,MODE WAGENER,"Baden-Baden, Germany","Bogliolo, Brioni, Brunello Cucinelli, Burberry, Dorothee Schumacher, Etro, Ganni, Gucci, Herno, Isabel Marant., Loro Piana, Moncler, Off-White, Stefano Ricci"
348,MODES FRANCE,"Paris, France","Bode, Casablanca, Comme Des Garçons, Dries Van Noten, ERL, Jacquemus, Jil Sander, Lanvin, Marine Serre, Raf Simons, Rick Owens, Stone Island, The Attico"
349,MODES ST. MORITZ,"St. Moritz, Switzerland","ALEXANDER McQUEEN, AMINA MUADDI, BONPOINT, CASABLANCA, COMME DES GARÇONS, DRIES VAN NOTEN, GANNI, JACQUEMUS, JIL SANDER, LANVIN, MAISON MARGIELA, MARINE SERRE, MARNI, MINI RODINI, OFF-WHITE, RAF SIMONS, RICK OWENS, SAINT LAURENT, SELF-PORTRAIT, THE ATTICO, VALENTINO, VERSACE."
350,MOLIERA 2,"BLONIE, Poland","Alexandre Vauthier, Amina Muaddi, Aquazzura, Coperni, Gianvito Rossi, Isabel Marant, Love Shack Fancy, Moncler, One Teaspoon, Palm Angels, Philipp Plein, The Attico, Tory Burch"
351,MONOCLE,"Rome, Italy","8000 Eyewear, Ahlem, Chrome Hearts, Claustrum, Dita, Jacques Marie Mage, Kuboraum, Linda Farrow, Masunaga, Matsuda, Meo Fusciuni Parfum, Monocle Eyewear, Mykita, Retrosuperfuture, Rigards, Thom Browne"
352,MONTI,"Cesena, Italy","Alexander Wang, Burberry, Chloé, Comme des Garçons, Dolce & Gabbana, Fendi, Kenzo, Lanvin, MSGM, Michael Kors, Proenza Schouler, Saint Laurent, Salvatore Ferragamo, Stella McCartney, Valentino"
353,MOOI FASHION,"Tivat, Montenegro","Celine, Chloe, Dita Eyewear, Equipment, Eres, Eugenia Kim, Isabel Marant, Local Authority, Marni, N21, Rochas, Saint Laurent, Thom Browne Eyewear"
354,MOOON,"Wiesbaden, Germany","Agnona, Fabiana Filippi, Frame, Givenchy, Helmut Lang, Isabel Marant, JBrand, Joseph, Kenzo, L.S.P, Marni, N°21, Plein Sud, Roland Mouret, See by Chloe, Steffen Schraut"
355,MORE IS LOVE,"TBILISI, Georgia","0711, Aleksandre Alkhalkatsishvili, Anna October, Awake, Dalood, Edeline Lee, Flow The Label, Gwen Salakaia, LALO, Lemaire, Neous, Nino Babukhadia Paskal, Steven Tai, Tatuna Nikolaishvili"
356,MOSSI,"Santiago de Compostela, Spain","Car Shoe by Prada, Karl Lagerfeld, Marc Jacobs, MaxMara Weekend, Michael Kors, Oof Wear, See by Chloé, among others."
357,MRKT US,"Miami, United States","1017 Alyx 9SM, A-Cold-Wall*, Enfants Richés Deprimés, Martine Rose, Neil Barrett, Pierre-Louis Mascia, Raf Simons, Rhude., Vetements"
358,MY O MY,"Helsinki, Finland","Adidas by Stella McCartney, Alexander Wang, Barena Venezia, Carven, Gitman Vintage, Mismo, S.N.S. Herning, Sonia by Sonia Rykiel, Stella McCartney, Sunspel, Theory, Tsumori Chisato, Universal Works, Vince"
359,MYGEMMA,"New York, United States","Bottega Veneta, Breitling, Cartier, Chanel, Gucci, Hermes, Louis Vuitton, Omega, Patek Philippe, Rolex, Tag Heuer, Tiffany & Co., Van Cleef & Arpels"
360,NATACHA,"Biarritz, France","Aquazzura, Burberry, Canada Goose, Diane Von Furstenberg, Drome, Elisabetta Franchi, Emilio Pucci, Ganni, Hogan, Issey Miyake, Karl Lagerfeld, Marni, Miu Miu, Prada, Sonia Rykiel, Theory, Tod's, Tory Burch, Valentino."
361,NEW SIX,"Guimaraes, Portugal","Cafuné, Charlotte Knowles, GMBH, Joshua Sanders., Martine Rose, Pannyy, Stefan Cooke, Toga Pulla, Toga Virilis"
362,NEWFOUND LUXURY,"Charlotte, United States","Pre-Owned Chanel Runway, Pre-Owned Chanel of the 1990's, Pre-Owned Dior, Pre-Owned Hermes, Pre-Owned Louis Vuitton"
363,NEWSEUM,"Nuernberg, Germany","1017 ALYX 9SM, AMI, Acne Studios, Brain Dead, Comme des Garcons, Dries Van Noten, Ignored Prayers., JW Anderson, MISBHV, Rassvet, Stone Island, Stüssy, Undercover"
364,NIBA SRL,"Perugia, Italy","Alexander Mcqueen, Balmain, Burberry, Dolce & Gabbana, Lanvin, MSGM, Miu Miu, Neil Barrett, Philipp Plein, Prada, Rick Owens, Salvatore Ferragamo, Versace, Y-3, Zegna"
365,NIDA,"Caserta, Italy","Aspesi, Boglioli, Burberry, Dolce & Gabbana, Eleventy, Fendi, Givenchy, Golden Goose Deluxe Brand, Gucci, Herno, Jacquemus, MSGM, Moncler, P.A.R.O.S.H, Rick Owens, Salvatore Ferragamo, Stella McCartney, Stone Island, Tory Burch, Y3, Zanellato"
366,NINNA NANNA,"Pescara, Italy","Burberry, Chiara Ferragni, Diesel, Dsquared2, Elisabetta Franchi, Hogan, Kenzo, Marcelo Burlon, Moncler, Monnalisa, Moschino, Pinko, Stone Island, Woolrich"
367,NORTH42,"Peterborough, Canada","Charlotte Olympia, Dsquared², Emanuel Ungaro, Lanvin, Moschino, Nicholas Kirkwood, Ralph Lauren Black, Roberto Cavalli, Valentino"
368,NOTENOM,"Barcelona, Spain","Comme des Garçons, Dsquard2, MSGM, Moschino, Neil Barret, Robert Clergerie, Sonia Rykiel"
369,NUBIAN,"JOSO SHI, Japan","Acne Studious, Ambush, Doublet, Elvira, Facetasm, Fear Of God, Gosha Rubchinskiy, Heron Preston, M+Rc Noir, Maison Margiela, Marcelo Burlon, Needles, Off-White, Palm Angels, Places+Faces, Rick Owens, Sasquatchfabrix, Takahiromiyashitathesoloist, Unused, Y-3, Yeezy Season, Yohji Yamamoto"
370,NUGNES 1920,"Trani, Italy","3.1 Philip Lim, Alexander Wang, Andrea Pompilio, Cheap Monday, Comme des Garçons Play, Dr Martens, Kenzo, Maison Kitsuné, Marc Jacobs, Michael Kors, Moncler, Neil Barrett, Nike, Salvatore Ferragamo"
371,NUIR VINTAGE,"SHIBUYA KU, Japan","Pre-Owned CHANEL, Pre-Owned Céline, Pre-Owned Dior, Pre-Owned FENDI, Pre-Owned Gucci, Pre-Owned HERMÈS, Pre-Owned Louis Vuitton, Pre-Owned Prada"
372,NUMBER I,"Hong Kong, Hong Kong SAR","Alexander Wang, Alyx, Ambush, Ann Demeulemeester, Cherevichkiotvichki, Guidi, M.A+, Maison Margiela, Paco Rebanne, Palm Angel, Pengtai, Readymade, Simone Rocha, Thom Browne, Uma Wang, Vetements, Yohji Yamamoto, Yves-Salomon, Zimmerman"
373,NUMEROTRENTA,"Milan, Italy","Alessia Xoccato, Antonio Berardi, Avaro Figlio, Cristiano Burani, Daizy Shely, Daniele Carlotta, Delpozo, Esteban Cortazar, Francesco Scognamiglio, Laura Strambi, Mario Dice, N°21, Rochas, Roksanda"
374,O',"Parma, Italy","Alexander McQueen, Ann Demeulemeester, Giorgio Armani, Givenchy, Isabel Marant, Issey Miyake, Loewe, Marc Jacobs, Moncler, Neil Barret, Paul Smith, Proenza Schouler, Rick Owens, Saint Laurent, Valentino"
375,OBERRAUCH ZITT,"Bolzano, Italy","AMI, APC, Aspesi, Bally, Dolce Gabbana, Dries van Noten, Etro, Jacob Cohen, Missoni, Moncler, Santoni, Stone Island., Tory Burch"
376,OBSESSION,"Prague, Czech Republic","Agnona, Alberta Ferretti, Elie Saab, Erdem, Etro, Lorena Antoniazzi, Olivia von Halle, Oscar de la Renta, Zimmermann"
377,OLIVIA IN WONDERLAND,"Ravenna, Italy","BOdeBO, Bang Bang Copenhagen, Bobo Choses, Collegien, Emile et Ida, Mini Melissa, Mini Rodini, Nadadelazos, Nice Things Mini, Stella McCartney Kids, Tiny Cotton, Tocotó, Wolf & Rita"
378,ONE OFF,"Brescia, Italy","Alexander McQueen, Balenciaga, Burberry, Fendi, Givenchy, Marcelo Burlon, Off-White, Palm Angels, Prada, Saint Laurent, Valentino, Versace"
379,OPTICA DIAGONAL CENTRAL,"Ourense, Spain","Chloé, Dior Eyewear, Dsquared2, Mykita, Oliver Peoples, Prada Eyewear, Ray-Ban, Saint Laurent, Stella McCartney, Tom Ford Eyewear"
380,OPTICA DO CHIADO,"Lisbon, Portugal","Cutler & Gross, Dita Eyewear, Mykita, Oliver Peoples, Thom Browne, Tom Ford"
381,OPULENCE VINTAGE,"Paris, France","Chanel, Dior, Hermes, Louis Vuitton"
382,OTTICA FOPPA,"Grassobbio, Italy","AHLEM, Cartier, Dita Eyewear, Gucci, Jacques Marie Mage, Thom Browne"
383,OTTICA GIULIANELLI,"Ferrara, Italy","Alain Mikli, Celine, Dita, Eyevan, Fendi, Hoffman, Illesteva, Lindberg, Moscot, Mykita, Thom Browne"
384,OTTICA TULLINO,"Naples, Italy","Ahlem, Archive, Barton Perreira, Garrett Leight, Han Kjobenhavn, Karen Walker, Lesca Lunetier, Masahiro Maruyama, Matsuda, Pawaka, Rigards, Tupiel, Vava"
385,OTTODISANPIETRO,"La Coruña, Spain","Alexander Wang, Etro, Isabel Marant, Lanvin, Saint Laurent, The Row, Valentino"
386,PALAZZO BELLI,"Alba, Italy","Alexander McQueen, Burberry, Dolce & Gabbana, Fendi, Jil Sander, Maison Margiela, Stella McCartney, Tom Ford, Valentino, Versace."
387,PANOCHA,"Alicante, Spain","Comme Des Garçons Shirt, Dsquared2, Herno, Heron Preston, Kenzo, MM6, Marcelo Burlon, Moschino, Stone Island, Vanessa Bruno, Veja, Woolrich"
388,PAPINI,"Catania, Italy","Alexander Wang, Chloé, Diane Von Furstenberg, Dolce & Gabbana, Drome, Givenchy, Isabel Marant, Kenzo, Saint Laurent, Zegna"
389,PARIS RICCI,"Perugia, Italy","3.1 Phillip Lim, Alberta Ferretti, Ash, Aspesi, Barbour, Comme des Garcons, Golden Goose, Herno, Isabel Marant, Pierre-Louis Mascia, Stone Island, Tagliatore, Woolrich"
390,PASSI & SPASSI,"Naples, Italy","Armani Junior, Chloe Kids, Cinzia Araia Kids, DSQUARED2 Kids, Dolce & Gabbana Kids, Golden Goose Deluxe Brand Kids, Kenzo Kids, Little Marc Jacobs, Marcelo Burlon County of Milan Kids, Moncler Kids, Mou Kids., Philipp Plein Junior, Stella McCartney Kids"
391,PAUL WARMER,"Lijnden, Netherlands","Alexander McQueen, Balenciaga, Chloé, Dior Homme, Dsquared2, Givenchy, Hogan, Off White, Philippe Model, Roberto Festa Milano, Saint Laurent, Sergio Rossi, Stelle McCartney, Tod's"
392,PAUL ZEIST,"Zeist, Netherlands","Dolce & Gabbana, Fedeli., Givenchy, Jacob Cohën, Moncler, Parajumpers, Santoni, Stone Island, Versace, Woolrich"
393,PENELOPE,"Brescia, Italy","3.1 Phillip Lim, Carven, Christopher Kane, Comme des Garçons, Courrèges, Golden Goose Deluxe Brand, Lanvin, Maison Margiela, MaryKatrantzou, Moncler, Opening Ceremony, Sacai, Stella Jean, Victoria Beckham"
394,PERCHA,"Santander, Spain","Alaia, Alberta Feretti, Chloe, Céline, Dolce and Gabbana, Dries Van Noten, Etro, Giambattista Valli, Givenchy, Paco Rabanne, Saint Laurent, Valentino"
395,PETER PAN LA BOUTIQUE DEL BAMBINO,"Cerea, Italy","Armani, Burberry, Dsquared2, Gucci, Herno, Il Gufo, Moncler, Monnalisa, Moschino, Polo Ralph Lauren, Stella McCartney, Stone Island, Woolrich"
396,PETIT PASHA,"Naples, Italy","Alberta Ferretti, Chiara Ferragni Kids, Chloé Kids, DKNY, Dolce & Gabbana Kids, Dsquared2, Fendi Kids, Golden Goose, Kenzo Kids, Lanvin, MSGM Kids, Marcelo Burlon"
397,PETITE MADELEINE,"Termoli, Italy","Balmain, Burberry, Chiara Ferragni, Dsquared2, Elisabetta Franchi, GCDS, Gucci, Il Gufo, MSGM, Moncler, Moschino, Stella McCartney, Stone Island"
398,PICCOLO LORD 1996,"SANTA MARIA LA CARITÀ, Italy",BURBERRY - MONCLER - FENDI - BALMAIN - D-SQUARED - GIVENCHY - DOLCE&GABBANA - BON POINT - STELLA MCCARTNEY - CHLOE'- LITTLE MARC JACOBS -  MONNALISA - LANVIN.
399,PILOT AND POWELL,"New Orleans, United States","Adam Lippes, Apiece Apart, Ellery, Jenni Kayne, Joseph, M2Malletier, Malone Souliers, Marni, Nellie Partow, Proenza Schouler, Rachel Comey, Rejina Pyo, Rosetta Getty"
